OrderID,CustomerID,ProductID,OrderDate,Quantity,UnitPrice
ORD000001,CUST0074,PRD0001,2023-07-29,14.0,133.49
ORD000002,CUST0104,PRD0044,2024-07-16,11.0,162.81
ORD000003,CUST0038,PRD0056,2023-04-28,8.0,711.44
ORD000004,CUST0134,PRD0045,2024-12-13,,554.21
ORD000005,CUST0200,PRD0042,2024-01-12,13.0,259.69
ORD000006,CUST0023,PRD0047,2024-07-04,7.0,491.72
ORD000007,CUST0047,PRD0059,2024-06-23,8.0,460.22
ORD000008,CUST0090,PRD0013,2023-03-25,13.0,326.99
ORD000009,CUST0046,PRD0055,2024-03-29,6.0,540.73
ORD000010,CUST0107,PRD0022,2024-10-28,2.0,365.55
ORD000011,CUST0140,PRD0054,2024-09-20,2.0,103.87
ORD000012,CUST0218,PRD0021,2024-05-28,8.0,472.24
ORD000013,CUST0141,PRD0022,2024-08-27,11.0,365.55
ORD000014,CUST0104,PRD0028,2024-11-08,1.0,375.61
ORD000015,CUST0190,PRD0009,2024-01-22,6.0,365.6
ORD000016,CUST0210,PRD0026,2023-12-16,13.0,174.95
ORD000017,CUST0217,PRD0009,2023-10-23,6.0,365.6
ORD000018,CUST0225,PRD0015,2023-09-15,11.0,547.01
ORD000019,CUST0111,PRD0010,2023-03-22,4.0,260.5
ORD000020,CUST0104,PRD0024,2023-09-25,12.0,650.79
ORD000021,CUST0060,PRD0058,2024-02-23,11.0,45.4
ORD000022,CUST0171,PRD0057,2023-08-23,13.0,133.48
ORD000023,CUST0204,PRD0042,2023-11-07,11.0,259.69
ORD000024,CUST0236,PRD0008,2023-12-23,13.0,68.43
ORD000025,CUST0100,PRD0024,2023-08-01,10.0,650.79
ORD000026,CUST0240,PRD0016,2024-07-27,3.0,544.93
ORD000027,CUST0068,PRD0049,2023-02-18,13.0,267.83
ORD000028,CUST0133,PRD0026,2023-05-07,11.0,174.95
ORD000029,CUST0120,PRD0027,2023-08-11,3.0,370.3
ORD000030,CUST0037,PRD0037,2023-10-06,13.0,38.5
ORD000031,CUST0072,PRD0004,2024-02-12,13.0,110.29
ORD000032,CUST0127,PRD0050,2024-05-19,1.0,285.21
ORD000033,CUST0106,PRD0024,2023-10-21,3.0,650.79
ORD000034,CUST0241,PRD0019,2023-10-04,4.0,458.22
ORD000035,CUST0092,PRD0036,2024-03-13,11.0,291.11
ORD000036,CUST0031,PRD0060,2023-04-17,11.0,320.42
ORD000037,CUST0122,PRD0039,2024-10-19,5.0,112.92
ORD000038,CUST0137,PRD0010,2024-02-24,3.0,260.5
ORD000039,CUST0246,PRD0025,2024-09-02,6.0,143.9
ORD000040,CUST0051,PRD0018,2024-03-04,11.0,
ORD000041,CUST0029,PRD0019,2024-01-10,14.0,458.22
ORD000042,CUST0206,PRD0036,2023-03-14,12.0,291.11
ORD000043,CUST0040,PRD0010,2024-09-25,5.0,260.5
ORD000044,CUST0041,PRD0033,2023-01-30,3.0,406.65
ORD000045,CUST0214,PRD0055,2023-07-07,6.0,540.73
ORD000046,CUST0011,PRD0050,2023-12-30,6.0,285.21
ORD000047,CUST0151,PRD0005,2024-03-26,14.0,160.38
ORD000048,CUST0001,PRD0047,2023-07-14,8.0,491.72
ORD000049,CUST0046,PRD0049,2023-06-05,2.0,267.83
ORD000050,CUST0101,PRD0035,2023-06-21,1.0,387.88
ORD000051,CUST0149,PRD0044,2023-02-10,4.0,162.81
ORD000052,CUST0090,PRD0034,2023-03-04,7.0,138.13
ORD000053,CUST0110,PRD0033,2023-01-23,11.0,406.65
ORD000054,CUST0164,PRD0055,2023-12-26,10.0,540.73
ORD000055,CUST0182,PRD0021,2023-03-16,3.0,472.24
ORD000056,CUST0215,PRD0017,2024-07-13,3.0,160.45
ORD000057,CUST0057,PRD0022,2024-11-02,5.0,365.55
ORD000058,CUST0001,PRD0048,2023-04-28,5.0,253.91
ORD000059,CUST0063,PRD0037,2024-09-03,13.0,38.5
ORD000060,CUST0182,PRD0015,2024-01-15,10.0,547.01
ORD000061,CUST0055,PRD0035,2024-11-09,3.0,387.88
ORD000062,CUST0115,PRD0028,2023-10-17,9.0,375.61
ORD000063,CUST0168,PRD0007,2024-03-15,4.0,723.68
ORD000064,CUST0143,PRD0032,2024-10-29,13.0,216.61
ORD000065,CUST0149,PRD0011,2023-01-07,13.0,816.42
ORD000066,CUST0175,PRD0010,2023-07-15,3.0,260.5
ORD000067,CUST0201,PRD0009,2024-02-25,11.0,365.6
ORD000068,CUST0053,PRD0014,2024-07-21,2.0,635.89
ORD000069,CUST0137,PRD0013,2023-07-12,10.0,326.99
ORD000070,CUST0202,PRD0057,2024-07-12,13.0,133.48
ORD000071,CUST0180,PRD0025,2023-05-28,11.0,143.9
ORD000072,CUST0057,PRD0002,2024-10-30,9.0,136.86
ORD000073,CUST0117,PRD0035,2023-07-21,4.0,387.88
ORD000074,CUST0154,PRD0007,2024-03-19,3.0,723.68
ORD000075,CUST0169,PRD0021,2024-02-23,7.0,472.24
ORD000076,CUST0035,PRD0018,2024-03-02,8.0,141.2
ORD000077,CUST0063,PRD0003,2024-04-23,11.0,136.62
ORD000078,CUST0244,PRD0042,2024-04-19,14.0,259.69
ORD000079,CUST0025,PRD0054,2023-05-06,2.0,103.87
ORD000080,CUST0090,PRD0039,2024-01-30,7.0,112.92
ORD000081,CUST0075,PRD0041,2024-07-29,12.0,700.93
ORD000082,CUST0038,PRD0049,2023-11-21,5.0,267.83
ORD000083,CUST0130,PRD0011,2024-01-27,11.0,816.42
ORD000084,CUST0135,PRD0039,2024-11-18,5.0,112.92
ORD000085,CUST0210,PRD0024,2024-09-19,3.0,650.79
ORD000086,CUST0219,PRD0060,2024-03-15,5.0,320.42
ORD000087,CUST0162,PRD0046,2023-07-23,12.0,400.12
ORD000088,CUST0091,PRD0019,2024-04-30,2.0,458.22
ORD000089,CUST0017,PRD0004,2023-01-31,4.0,110.29
ORD000090,CUST0128,PRD0026,2024-01-23,6.0,174.95
ORD000091,CUST0171,PRD0038,2024-09-16,1.0,199.83
ORD000092,CUST0187,PRD0042,2024-03-09,10.0,259.69
ORD000093,CUST0108,PRD0032,2024-01-11,4.0,216.61
ORD000094,CUST0179,PRD0039,2023-12-10,6.0,112.92
ORD000095,CUST0182,PRD0045,2024-03-18,9.0,554.21
ORD000096,CUST0152,PRD0046,2024-08-01,14.0,400.12
ORD000097,CUST0025,PRD0036,2023-03-16,11.0,291.11
ORD000098,CUST0199,PRD0040,2024-07-10,11.0,37.04
ORD000099,CUST0180,PRD0037,2024-10-27,13.0,38.5
ORD000100,CUST0198,PRD0033,2023-06-04,2.0,406.65
ORD000101,CUST0245,PRD0036,2024-03-05,11.0,291.11
ORD000102,CUST0088,PRD0003,2023-12-29,7.0,136.62
ORD000103,CUST0161,PRD0009,2024-03-23,6.0,365.6
ORD000104,CUST0177,PRD0008,2023-08-22,2.0,68.43
ORD000105,CUST0029,PRD0033,2024-07-16,8.0,406.65
ORD000106,CUST0063,PRD0059,2023-09-19,7.0,460.22
ORD000107,CUST0235,PRD0006,2023-05-05,11.0,100.25
ORD000108,CUST0150,PRD0041,2023-09-02,5.0,700.93
ORD000109,CUST0154,PRD0039,2024-06-25,12.0,112.92
ORD000110,CUST0156,PRD0004,2024-04-29,5.0,110.29
ORD000111,CUST0114,PRD0013,2023-05-02,7.0,326.99
ORD000112,CUST0213,PRD0049,2023-05-05,9.0,267.83
ORD000113,CUST0049,PRD0060,2024-07-02,11.0,320.42
ORD000114,CUST0199,PRD0002,2023-06-19,9.0,136.86
ORD000115,CUST0081,PRD0060,2023-05-04,9.0,320.42
ORD000116,CUST0084,PRD0005,2023-02-04,6.0,160.38
ORD000117,CUST0105,PRD0044,2023-03-28,10.0,162.81
ORD000118,CUST0177,PRD0027,2024-10-07,6.0,370.3
ORD000119,CUST0148,PRD0032,2024-12-08,3.0,216.61
ORD000120,CUST0118,PRD0021,2023-07-20,1.0,472.24
ORD000121,CUST0086,PRD0008,2024-01-04,7.0,68.43
ORD000122,CUST0220,PRD0038,2023-03-18,4.0,199.83
ORD000123,CUST0063,PRD0008,2023-02-28,1.0,68.43
ORD000124,CUST0189,PRD0050,2024-03-06,8.0,285.21
ORD000125,CUST0104,PRD0003,2024-09-29,12.0,136.62
ORD000126,CUST0049,PRD0054,2024-05-14,6.0,103.87
ORD000127,CUST0071,PRD0044,2023-04-19,6.0,162.81
ORD000128,CUST0001,PRD0058,2023-10-05,2.0,45.4
ORD000129,CUST0224,PRD0003,2023-03-09,1.0,136.62
ORD000130,CUST0141,PRD0022,2023-03-10,13.0,365.55
ORD000131,CUST0222,PRD0006,2023-06-14,14.0,100.25
ORD000132,CUST0215,PRD0002,2024-05-03,14.0,136.86
ORD000133,CUST0179,PRD0023,2023-11-01,2.0,201.54
ORD000134,CUST0123,PRD0044,2024-11-04,4.0,162.81
ORD000135,CUST0184,PRD0002,2023-12-31,2.0,136.86
ORD000136,CUST0211,PRD0038,2024-01-14,1.0,199.83
ORD000137,CUST0062,PRD0017,2023-12-09,7.0,160.45
ORD000138,CUST0032,PRD0035,2024-07-07,11.0,387.88
ORD000139,CUST0158,PRD0034,2023-12-20,11.0,138.13
ORD000140,CUST0029,PRD0023,2024-02-20,12.0,201.54
ORD000141,CUST0049,PRD0030,2023-04-19,8.0,67.45
ORD000142,CUST0173,PRD0052,2024-07-16,6.0,476.07
ORD000143,CUST0221,PRD0008,2024-05-11,4.0,68.43
ORD000144,CUST0030,PRD0022,2023-12-07,14.0,365.55
ORD000145,CUST0144,PRD0044,2024-01-18,6.0,162.81
ORD000146,CUST0168,PRD0058,2024-06-16,3.0,45.4
ORD000147,CUST0019,PRD0036,2023-10-27,12.0,291.11
ORD000148,CUST0018,PRD0005,2023-05-19,8.0,160.38
ORD000149,CUST0001,PRD0013,2023-12-25,10.0,326.99
ORD000150,CUST0078,PRD0029,2024-05-13,14.0,154.64
ORD000151,CUST0115,PRD0031,2024-01-20,13.0,490.91
ORD000152,CUST0175,PRD0047,2024-08-26,13.0,491.72
ORD000153,CUST0242,PRD0057,2023-10-07,2.0,133.48
ORD000154,CUST0194,PRD0055,2024-09-28,5.0,540.73
ORD000155,CUST0246,PRD0016,2024-04-27,1.0,544.93
ORD000156,CUST0220,PRD0042,2023-04-21,6.0,259.69
ORD000157,CUST0113,PRD0030,2023-05-19,2.0,67.45
ORD000158,CUST0114,PRD0057,2024-03-10,4.0,133.48
ORD000159,CUST0222,PRD0055,2024-05-23,6.0,540.73
ORD000160,CUST0166,PRD0016,2023-09-30,10.0,544.93
ORD000161,CUST0179,PRD0012,2023-04-09,11.0,78.44
ORD000162,CUST0063,PRD0017,2023-04-14,8.0,160.45
ORD000163,CUST0132,PRD0016,2023-08-02,12.0,544.93
ORD000164,CUST0129,PRD0012,2024-10-25,8.0,78.44
ORD000165,CUST0008,PRD0008,2023-06-14,11.0,68.43
ORD000166,CUST0157,PRD0020,2024-06-03,6.0,532.93
ORD000167,CUST0055,PRD0003,2023-10-11,4.0,136.62
ORD000168,CUST0103,PRD0016,2024-05-31,8.0,544.93
ORD000169,CUST0131,PRD0030,2024-10-18,13.0,67.45
ORD000170,CUST0032,PRD0045,2024-09-04,8.0,554.21
ORD000171,CUST0010,PRD0023,2023-06-13,10.0,201.54
ORD000172,CUST0202,PRD0028,2024-10-20,14.0,375.61
ORD000173,CUST0211,PRD0051,2023-03-05,1.0,502.39
ORD000174,CUST0110,PRD0040,2023-04-01,4.0,37.04
ORD000175,CUST0162,PRD0054,2023-04-27,4.0,103.87
ORD000176,CUST0124,PRD0005,2023-09-24,7.0,160.38
ORD000177,CUST0225,PRD0020,2024-11-15,14.0,532.93
ORD000178,CUST0087,PRD0040,2024-07-12,14.0,37.04
ORD000179,CUST0055,PRD0056,2023-05-20,11.0,
ORD000180,CUST0220,PRD0044,2023-09-03,7.0,162.81
ORD000181,CUST0032,PRD0001,2024-10-22,13.0,133.49
ORD000182,CUST0178,PRD0057,2024-01-30,11.0,133.48
ORD000183,CUST0135,PRD0030,2024-05-01,8.0,67.45
ORD000184,CUST0093,PRD0021,2024-04-20,11.0,472.24
ORD000185,CUST0008,PRD0020,2024-05-31,,532.93
ORD000186,CUST0065,PRD0006,2023-07-03,7.0,100.25
ORD000187,CUST0057,PRD0022,2023-01-20,8.0,365.55
ORD000188,CUST0247,PRD0018,2024-07-11,9.0,141.2
ORD000189,CUST0067,PRD0008,2024-06-07,3.0,68.43
ORD000190,CUST0216,PRD0039,2024-08-04,3.0,112.92
ORD000191,CUST0215,PRD0032,2024-06-12,4.0,216.61
ORD000192,CUST0187,PRD0033,2023-05-27,5.0,406.65
ORD000193,CUST0072,PRD0053,2024-10-27,10.0,742.35
ORD000194,CUST0054,PRD0016,2023-10-31,1.0,544.93
ORD000195,CUST0249,PRD0012,2024-09-11,7.0,78.44
ORD000196,CUST0239,PRD0038,2024-08-04,9.0,199.83
ORD000197,CUST0229,PRD0052,2024-11-25,8.0,476.07
ORD000198,CUST0067,PRD0034,2023-08-16,5.0,138.13
ORD000199,CUST0051,PRD0014,2023-04-12,14.0,635.89
ORD000200,CUST0097,PRD0036,2024-08-09,14.0,291.11
ORD000201,CUST0092,PRD0033,2024-02-21,4.0,406.65
ORD000202,CUST0239,PRD0023,2023-08-04,12.0,201.54
ORD000203,CUST0008,PRD0050,2024-02-11,7.0,285.21
ORD000204,CUST0162,PRD0045,2024-02-03,5.0,554.21
ORD000205,CUST0035,PRD0002,2024-12-15,7.0,136.86
ORD000206,CUST0096,PRD0041,2024-12-04,12.0,700.93
ORD000207,CUST0088,PRD0021,2024-05-13,1.0,472.24
ORD000208,CUST0078,PRD0002,2024-04-09,1.0,136.86
ORD000209,CUST0032,PRD0027,2024-11-21,10.0,370.3
ORD000210,CUST0120,PRD0057,2023-03-23,14.0,133.48
ORD000211,CUST0046,PRD0009,2024-08-26,13.0,365.6
ORD000212,CUST0235,PRD0001,2024-11-17,3.0,133.49
ORD000213,CUST0144,PRD0011,2023-12-31,14.0,816.42
ORD000214,CUST0196,PRD0003,2023-06-12,11.0,136.62
ORD000215,CUST0244,PRD0052,2023-02-17,2.0,476.07
ORD000216,CUST0165,PRD0023,2024-05-25,2.0,201.54
ORD000217,CUST0182,PRD0026,2023-11-25,7.0,174.95
ORD000218,CUST0213,PRD0004,2023-04-26,12.0,110.29
ORD000219,CUST0142,PRD0018,2023-12-03,10.0,141.2
ORD000220,CUST0223,PRD0055,2023-05-27,2.0,540.73
ORD000221,CUST0055,PRD0006,2024-07-28,11.0,100.25
ORD000222,CUST0176,PRD0035,2023-11-19,4.0,387.88
ORD000223,CUST0210,PRD0022,2024-03-18,2.0,365.55
ORD000224,CUST0007,PRD0043,2023-01-13,6.0,674.74
ORD000225,CUST0074,PRD0015,2024-05-08,8.0,547.01
ORD000226,CUST0007,PRD0022,2024-12-01,10.0,365.55
ORD000227,CUST0161,PRD0060,2023-10-14,4.0,320.42
ORD000228,CUST0151,PRD0037,2024-12-20,5.0,38.5
ORD000229,CUST0085,PRD0052,2023-04-24,4.0,476.07
ORD000230,CUST0147,PRD0042,2024-04-24,349.0,259.69
ORD000231,CUST0112,PRD0012,2023-01-22,5.0,78.44
ORD000232,CUST0125,PRD0047,2023-12-15,14.0,491.72
ORD000233,CUST0147,PRD0049,2024-12-26,9.0,267.83
ORD000234,CUST0036,PRD0042,2024-11-13,8.0,259.69
ORD000235,CUST0029,PRD0038,2024-07-19,8.0,199.83
ORD000236,CUST0188,PRD0018,2023-11-16,8.0,141.2
ORD000237,CUST0082,PRD0045,2023-05-06,12.0,554.21
ORD000238,CUST0002,PRD0035,2023-10-04,8.0,387.88
ORD000239,CUST0129,PRD0030,2023-07-23,7.0,67.45
ORD000240,CUST0047,PRD0024,2023-07-13,8.0,650.79
ORD000241,CUST0197,PRD0042,2024-11-11,11.0,259.69
ORD000242,CUST0148,PRD0030,2024-10-25,14.0,67.45
ORD000243,CUST0011,PRD0014,2024-06-30,8.0,635.89
ORD000244,CUST0234,PRD0006,2024-11-26,13.0,100.25
ORD000245,CUST0130,PRD0003,2023-10-13,14.0,136.62
ORD000246,CUST0195,PRD0016,2023-02-26,8.0,544.93
ORD000247,CUST0215,PRD0007,2023-10-30,12.0,723.68
ORD000248,CUST0119,PRD0052,2023-06-12,10.0,476.07
ORD000249,CUST0140,PRD0014,2023-01-19,7.0,635.89
ORD000250,CUST0020,PRD0009,2024-01-05,12.0,365.6
ORD000251,CUST0005,PRD0015,2023-09-21,1.0,547.01
ORD000252,CUST0037,PRD0021,2023-04-23,4.0,472.24
ORD000253,CUST0166,PRD0035,2024-05-02,13.0,387.88
ORD000254,CUST0222,PRD0002,2023-11-23,13.0,136.86
ORD000255,CUST0137,PRD0027,2024-06-25,4.0,370.3
ORD000256,CUST0226,PRD0002,2024-10-08,5.0,136.86
ORD000257,CUST0053,PRD0035,2024-08-01,10.0,387.88
ORD000258,CUST0172,PRD0018,2023-03-06,6.0,141.2
ORD000259,CUST0099,PRD0014,2023-10-19,4.0,635.89
ORD000260,CUST0244,PRD0020,2023-01-25,2.0,532.93
ORD000261,CUST0250,PRD0018,2024-07-02,6.0,141.2
ORD000262,CUST0086,PRD0010,2023-01-01,8.0,260.5
ORD000263,CUST0108,PRD0025,2024-07-02,8.0,143.9
ORD000264,CUST0024,PRD0002,2023-05-21,7.0,136.86
ORD000265,CUST0081,PRD0025,2024-10-09,6.0,143.9
ORD000266,CUST0202,PRD0054,2023-07-07,2.0,103.87
ORD000267,CUST0158,PRD0033,2023-05-08,7.0,406.65
ORD000268,CUST0120,PRD0036,2023-07-20,11.0,291.11
ORD000269,CUST0059,PRD0031,2023-05-07,12.0,490.91
ORD000270,CUST0238,PRD0014,2023-09-14,14.0,635.89
ORD000271,CUST0215,PRD0001,2024-11-06,14.0,133.49
ORD000272,CUST0128,PRD0046,2024-06-30,5.0,400.12
ORD000273,CUST0224,PRD0016,2023-07-13,6.0,544.93
ORD000274,CUST0209,PRD0054,2024-12-03,10.0,103.87
ORD000275,CUST0114,PRD0046,2023-04-14,8.0,400.12
ORD000276,CUST0115,PRD0052,2024-06-18,14.0,476.07
ORD000277,CUST0209,PRD0003,2023-09-22,8.0,136.62
ORD000278,CUST0014,PRD0035,2024-01-19,3.0,387.88
ORD000279,CUST0009,PRD0041,2023-09-17,12.0,700.93
ORD000280,CUST0040,PRD0006,2024-02-18,12.0,100.25
ORD000281,CUST0194,PRD0025,2023-12-24,14.0,143.9
ORD000282,CUST0237,PRD0013,2023-03-16,7.0,326.99
ORD000283,CUST0025,PRD0053,2023-12-21,1.0,742.35
ORD000284,CUST0103,PRD0034,2024-08-06,1.0,138.13
ORD000285,CUST0201,PRD0008,2023-07-07,7.0,68.43
ORD000286,CUST0246,PRD0021,2024-11-15,10.0,472.24
ORD000287,CUST0022,PRD0034,2023-10-17,9.0,138.13
ORD000288,CUST0235,PRD0004,2023-02-14,7.0,110.29
ORD000289,CUST0238,PRD0025,2024-07-26,10.0,143.9
ORD000290,CUST0004,PRD0015,2023-03-24,5.0,547.01
ORD000291,CUST0154,PRD0004,2023-05-03,8.0,110.29
ORD000292,CUST0186,PRD0045,2023-12-24,2.0,554.21
ORD000293,CUST0029,PRD0060,2024-06-11,9.0,320.42
ORD000294,CUST0109,PRD0012,2023-03-07,6.0,78.44
ORD000295,CUST0098,PRD0032,2024-10-18,13.0,216.61
ORD000296,CUST0215,PRD0032,2024-01-10,9.0,216.61
ORD000297,CUST0037,PRD0028,2023-06-11,2.0,375.61
ORD000298,CUST0075,PRD0013,2024-01-15,3.0,326.99
ORD000299,CUST0070,PRD0031,2024-10-17,12.0,490.91
ORD000300,CUST0146,PRD0014,2023-12-24,8.0,635.89
ORD000301,CUST0128,PRD0020,2023-07-07,1.0,
ORD000302,CUST0085,PRD0018,2023-11-18,10.0,141.2
ORD000303,CUST0042,PRD0029,2024-03-25,7.0,154.64
ORD000304,CUST0100,PRD0060,2024-04-18,7.0,320.42
ORD000305,CUST0041,PRD0006,2023-01-13,13.0,100.25
ORD000306,CUST0166,PRD0032,2023-07-03,1.0,216.61
ORD000307,CUST0034,PRD0029,2023-04-21,9.0,154.64
ORD000308,CUST0017,PRD0043,2024-05-22,8.0,674.74
ORD000309,CUST0165,PRD0002,2023-10-17,4.0,136.86
ORD000310,CUST0153,PRD0060,2023-10-22,10.0,320.42
ORD000311,CUST0230,PRD0023,2024-03-26,11.0,201.54
ORD000312,CUST0122,PRD0019,2023-08-03,5.0,458.22
ORD000313,CUST0076,PRD0031,2024-09-23,2.0,490.91
ORD000314,CUST0087,PRD0051,2024-07-20,13.0,502.39
ORD000315,CUST0117,PRD0005,2023-01-27,9.0,160.38
ORD000316,CUST0106,PRD0019,2024-09-21,12.0,458.22
ORD000317,CUST0086,PRD0034,2023-08-19,12.0,138.13
ORD000318,CUST0213,PRD0010,2024-07-18,6.0,260.5
ORD000319,CUST0027,PRD0025,2023-11-17,3.0,143.9
ORD000320,CUST0057,PRD0002,2023-08-21,12.0,136.86
ORD000321,CUST0031,PRD0011,2024-10-31,7.0,816.42
ORD000322,CUST0134,PRD0050,2024-03-12,9.0,285.21
ORD000323,CUST0219,PRD0031,2024-06-16,3.0,490.91
ORD000324,CUST0168,PRD0056,2024-02-07,2.0,711.44
ORD000325,CUST0098,PRD0015,2023-02-22,7.0,547.01
ORD000326,CUST0012,PRD0009,2023-11-09,7.0,365.6
ORD000327,CUST0237,PRD0023,2023-10-08,4.0,201.54
ORD000328,CUST0249,PRD0019,2024-12-26,11.0,458.22
ORD000329,CUST0053,PRD0009,2023-01-31,9.0,365.6
ORD000330,CUST0199,PRD0035,2023-12-03,14.0,387.88
ORD000331,CUST0138,PRD0021,2023-07-02,,472.24
ORD000332,CUST0173,PRD0009,2023-01-23,13.0,365.6
ORD000333,CUST0145,PRD0028,2024-06-27,13.0,375.61
ORD000334,CUST0154,PRD0046,2024-03-21,1.0,400.12
ORD000335,CUST0213,PRD0051,2023-03-15,1.0,502.39
ORD000336,CUST0220,PRD0007,2023-01-10,5.0,723.68
ORD000337,CUST0190,PRD0016,2024-04-28,6.0,544.93
ORD000338,CUST0122,PRD0016,2024-03-31,3.0,544.93
ORD000339,CUST0046,PRD0060,2024-07-19,13.0,320.42
ORD000340,CUST0064,PRD0033,2024-07-17,9.0,406.65
ORD000341,CUST0130,PRD0004,2024-10-21,12.0,110.29
ORD000342,CUST0054,PRD0004,2023-06-09,10.0,110.29
ORD000343,CUST0107,PRD0039,2023-01-14,14.0,112.92
ORD000344,CUST0193,PRD0040,2023-06-27,6.0,37.04
ORD000345,CUST0051,PRD0017,2024-02-16,4.0,160.45
ORD000346,CUST0181,PRD0037,2023-02-22,12.0,38.5
ORD000347,CUST0036,PRD0039,2024-02-12,7.0,112.92
ORD000348,CUST0115,PRD0060,2023-01-22,8.0,320.42
ORD000349,CUST0026,PRD0052,2023-01-30,9.0,476.07
ORD000350,CUST0029,PRD0029,2024-12-03,13.0,154.64
ORD000351,CUST0149,PRD0052,2023-09-17,11.0,476.07
ORD000352,CUST0011,PRD0036,2023-07-24,6.0,291.11
ORD000353,CUST0040,PRD0060,2023-02-28,6.0,320.42
ORD000354,CUST0011,PRD0038,2024-04-15,8.0,199.83
ORD000355,CUST0164,PRD0039,2024-04-10,12.0,112.92
ORD000356,CUST0113,PRD0050,2023-01-12,5.0,285.21
ORD000357,CUST0187,PRD0037,2024-09-22,14.0,38.5
ORD000358,CUST0039,PRD0052,2023-10-17,3.0,
ORD000359,CUST0232,PRD0035,2023-12-20,12.0,387.88
ORD000360,CUST0227,PRD0007,2024-09-30,3.0,723.68
ORD000361,CUST0054,PRD0027,2023-03-16,13.0,370.3
ORD000362,CUST0098,PRD0028,2024-12-16,6.0,375.61
ORD000363,CUST0055,PRD0022,2024-07-14,2.0,365.55
ORD000364,CUST0111,PRD0014,2024-08-13,6.0,635.89
ORD000365,CUST0152,PRD0007,2024-03-16,13.0,723.68
ORD000366,CUST0246,PRD0037,2023-08-29,6.0,38.5
ORD000367,CUST0150,PRD0022,2023-06-03,8.0,365.55
ORD000368,CUST0069,PRD0005,2023-04-06,,160.38
ORD000369,CUST0056,PRD0055,2024-12-26,8.0,540.73
ORD000370,CUST0033,PRD0002,2023-10-21,14.0,136.86
ORD000371,CUST0250,PRD0027,2023-07-28,9.0,370.3
ORD000372,CUST0036,PRD0021,2023-12-09,6.0,472.24
ORD000373,CUST0239,PRD0054,2023-03-29,14.0,103.87
ORD000374,CUST0148,PRD0038,2024-01-25,3.0,199.83
ORD000375,CUST0211,PRD0015,2023-11-21,,547.01
ORD000376,CUST0227,PRD0021,2023-06-06,3.0,472.24
ORD000377,CUST0244,PRD0010,2024-10-29,11.0,260.5
ORD000378,CUST0235,PRD0023,2024-10-12,12.0,201.54
ORD000379,CUST0081,PRD0058,2024-09-24,1.0,45.4
ORD000380,CUST0190,PRD0056,2024-07-30,11.0,711.44
ORD000381,CUST0109,PRD0039,2024-09-10,13.0,112.92
ORD000382,CUST0235,PRD0005,2024-10-20,5.0,160.38
ORD000383,CUST0226,PRD0001,2023-05-17,14.0,133.49
ORD000384,CUST0201,PRD0013,2024-11-04,4.0,326.99
ORD000385,CUST0154,PRD0021,2024-03-03,9.0,472.24
ORD000386,CUST0194,PRD0026,2024-03-27,9.0,174.95
ORD000387,CUST0245,PRD0050,2024-09-03,14.0,285.21
ORD000388,CUST0073,PRD0045,2023-05-21,5.0,554.21
ORD000389,CUST0201,PRD0021,2023-03-24,10.0,472.24
ORD000390,CUST0040,PRD0053,2023-06-26,4.0,742.35
ORD000391,CUST0017,PRD0018,2023-07-17,7.0,141.2
ORD000392,CUST0129,PRD0037,2024-09-15,6.0,38.5
ORD000393,CUST0217,PRD0045,2024-07-21,4.0,554.21
ORD000394,CUST0061,PRD0032,2024-11-21,13.0,216.61
ORD000395,CUST0171,PRD0036,2024-02-25,13.0,291.11
ORD000396,CUST0104,PRD0017,2024-02-05,10.0,160.45
ORD000397,CUST0042,PRD0035,2024-11-28,2.0,387.88
ORD000398,CUST0025,PRD0049,2024-04-15,1.0,267.83
ORD000399,CUST0039,PRD0060,2023-08-06,4.0,320.42
ORD000400,CUST0035,PRD0011,2024-12-29,4.0,816.42
ORD000401,CUST0131,PRD0021,2024-09-23,13.0,472.24
ORD000402,CUST0242,PRD0052,2023-06-24,1.0,476.07
ORD000403,CUST0229,PRD0055,2023-01-23,6.0,540.73
ORD000404,CUST0108,PRD0053,2024-12-25,4.0,742.35
ORD000405,CUST0172,PRD0026,2023-08-23,1.0,174.95
ORD000406,CUST0179,PRD0004,2023-01-13,1.0,110.29
ORD000407,CUST0222,PRD0034,2023-04-11,13.0,138.13
ORD000408,CUST0102,PRD0052,2024-06-19,1.0,476.07
ORD000409,CUST0098,PRD0048,2024-06-06,404.0,253.91
ORD000410,CUST0012,PRD0060,2024-03-27,10.0,320.42
ORD000411,CUST0019,PRD0018,2024-03-06,,141.2
ORD000412,CUST0101,PRD0040,2024-08-28,2.0,37.04
ORD000413,CUST0044,PRD0035,2024-12-13,11.0,387.88
ORD000414,CUST0187,PRD0041,2024-06-16,13.0,700.93
ORD000415,CUST0049,PRD0029,2024-12-23,7.0,154.64
ORD000416,CUST0189,PRD0052,2024-10-13,14.0,476.07
ORD000417,CUST0017,PRD0029,2023-10-20,8.0,154.64
ORD000418,CUST0074,PRD0038,2023-04-11,8.0,199.83
ORD000419,CUST0057,PRD0042,2024-05-16,11.0,259.69
ORD000420,CUST0055,PRD0021,2023-10-31,10.0,472.24
ORD000421,CUST0241,PRD0042,2024-06-23,11.0,259.69
ORD000422,CUST0047,PRD0013,2024-07-06,13.0,326.99
ORD000423,CUST0012,PRD0049,2023-12-21,7.0,267.83
ORD000424,CUST0062,PRD0041,2023-10-30,5.0,700.93
ORD000425,CUST0080,PRD0017,2024-05-10,1.0,160.45
ORD000426,CUST0216,PRD0056,2024-10-19,12.0,711.44
ORD000427,CUST0083,PRD0009,2023-08-15,9.0,365.6
ORD000428,CUST0008,PRD0041,2023-08-24,13.0,700.93
ORD000429,CUST0223,PRD0001,2024-03-30,7.0,133.49
ORD000430,CUST0149,PRD0002,2023-01-13,2.0,136.86
ORD000431,CUST0081,PRD0060,2023-07-29,6.0,320.42
ORD000432,CUST0215,PRD0048,2024-02-01,2.0,253.91
ORD000433,CUST0229,PRD0029,2023-04-10,1.0,154.64
ORD000434,CUST0118,PRD0033,2023-01-31,14.0,406.65
ORD000435,CUST0208,PRD0010,2024-06-11,7.0,260.5
ORD000436,CUST0198,PRD0050,2024-10-10,13.0,285.21
ORD000437,CUST0200,PRD0058,2023-11-25,2.0,45.4
ORD000438,CUST0025,PRD0060,2023-06-15,13.0,320.42
ORD000439,CUST0210,PRD0040,2024-04-03,14.0,37.04
ORD000440,CUST0089,PRD0021,2023-04-10,14.0,472.24
ORD000441,CUST0012,PRD0028,2024-09-12,2.0,375.61
ORD000442,CUST0143,PRD0011,2023-06-22,13.0,816.42
ORD000443,CUST0059,PRD0055,2023-06-11,11.0,540.73
ORD000444,CUST0154,PRD0034,2024-12-28,5.0,138.13
ORD000445,CUST0233,PRD0008,2023-09-20,14.0,68.43
ORD000446,CUST0109,PRD0059,2023-10-01,5.0,460.22
ORD000447,CUST0026,PRD0022,2023-01-03,7.0,365.55
ORD000448,CUST0047,PRD0008,2023-01-28,1.0,68.43
ORD000449,CUST0032,PRD0049,2023-11-22,8.0,267.83
ORD000450,CUST0010,PRD0015,2023-05-29,3.0,547.01
ORD000451,CUST0016,PRD0017,2024-06-23,4.0,160.45
ORD000452,CUST0199,PRD0060,2024-05-02,9.0,320.42
ORD000453,CUST0145,PRD0023,2024-03-13,4.0,201.54
ORD000454,CUST0151,PRD0024,2023-03-06,10.0,650.79
ORD000455,CUST0026,PRD0045,2023-12-22,12.0,554.21
ORD000456,CUST0213,PRD0019,2024-06-16,5.0,458.22
ORD000457,CUST0086,PRD0005,2023-09-09,7.0,160.38
ORD000458,CUST0250,PRD0032,2023-08-23,4.0,216.61
ORD000459,CUST0135,PRD0044,2023-08-15,14.0,162.81
ORD000460,CUST0014,PRD0001,2024-06-08,1.0,
ORD000461,CUST0079,PRD0023,2023-11-09,9.0,201.54
ORD000462,CUST0117,PRD0037,2023-02-18,4.0,38.5
ORD000463,CUST0007,PRD0008,2023-04-28,9.0,68.43
ORD000464,CUST0137,PRD0013,2023-02-23,6.0,326.99
ORD000465,CUST0115,PRD0008,2024-10-11,1.0,68.43
ORD000466,CUST0176,PRD0057,2024-07-18,12.0,133.48
ORD000467,CUST0072,PRD0023,2023-02-13,3.0,201.54
ORD000468,CUST0242,PRD0043,2023-02-22,11.0,674.74
ORD000469,CUST0059,PRD0001,2024-08-08,2.0,133.49
ORD000470,CUST0215,PRD0045,2024-07-11,9.0,554.21
ORD000471,CUST0221,PRD0051,2024-06-08,12.0,502.39
ORD000472,CUST0082,PRD0024,2024-11-07,1.0,650.79
ORD000473,CUST0223,PRD0035,2023-04-12,13.0,387.88
ORD000474,CUST0222,PRD0024,2024-02-02,14.0,650.79
ORD000475,CUST0116,PRD0017,2023-05-18,9.0,160.45
ORD000476,CUST0167,PRD0005,2024-11-05,9.0,160.38
ORD000477,CUST0227,PRD0020,2024-01-22,8.0,532.93
ORD000478,CUST0146,PRD0021,2023-04-21,8.0,472.24
ORD000479,CUST0187,PRD0040,2024-09-05,11.0,37.04
ORD000480,CUST0234,PRD0058,2023-01-17,14.0,45.4
ORD000481,CUST0103,PRD0031,2023-07-01,12.0,490.91
ORD000482,CUST0017,PRD0046,2024-06-19,1.0,400.12
ORD000483,CUST0014,PRD0036,2024-06-24,11.0,291.11
ORD000484,CUST0159,PRD0011,2023-06-20,8.0,816.42
ORD000485,CUST0152,PRD0052,2024-02-13,10.0,476.07
ORD000486,CUST0227,PRD0015,2024-01-13,184.0,547.01
ORD000487,CUST0108,PRD0019,2023-07-07,3.0,458.22
ORD000488,CUST0188,PRD0007,2023-08-18,11.0,723.68
ORD000489,CUST0045,PRD0051,2023-04-29,,502.39
ORD000490,CUST0098,PRD0028,2023-06-05,,375.61
ORD000491,CUST0131,PRD0051,2024-11-17,1.0,502.39
ORD000492,CUST0037,PRD0043,2024-04-09,1.0,674.74
ORD000493,CUST0171,PRD0058,2023-04-14,10.0,45.4
ORD000494,CUST0168,PRD0005,2024-08-26,13.0,160.38
ORD000495,CUST0218,PRD0005,2024-11-28,5.0,160.38
ORD000496,CUST0183,PRD0030,2024-05-16,5.0,67.45
ORD000497,CUST0215,PRD0054,2024-11-23,8.0,103.87
ORD000498,CUST0108,PRD0032,2024-11-12,7.0,216.61
ORD000499,CUST0039,PRD0008,2024-11-29,8.0,68.43
ORD000500,CUST0015,PRD0010,2023-06-24,6.0,260.5
ORD000501,CUST0120,PRD0038,2024-11-04,6.0,199.83
ORD000502,CUST0241,PRD0047,2024-02-25,2.0,491.72
ORD000503,CUST0004,PRD0032,2023-05-14,6.0,216.61
ORD000504,CUST0093,PRD0048,2024-01-26,5.0,253.91
ORD000505,CUST0214,PRD0028,2024-05-15,13.0,375.61
ORD000506,CUST0153,PRD0017,2024-10-26,3.0,160.45
ORD000507,CUST0141,PRD0031,2023-02-02,6.0,490.91
ORD000508,CUST0210,PRD0008,2023-02-24,8.0,68.43
ORD000509,CUST0161,PRD0040,2024-06-02,9.0,37.04
ORD000510,CUST0016,PRD0025,2024-09-29,1.0,143.9
ORD000511,CUST0237,PRD0009,2023-01-12,3.0,365.6
ORD000512,CUST0170,PRD0002,2024-06-11,,136.86
ORD000513,CUST0108,PRD0015,2024-12-20,11.0,547.01
ORD000514,CUST0126,PRD0050,2024-07-08,8.0,285.21
ORD000515,CUST0194,PRD0003,2024-01-08,1.0,136.62
ORD000516,CUST0055,PRD0049,2024-04-28,5.0,267.83
ORD000517,CUST0227,PRD0036,2024-10-08,3.0,291.11
ORD000518,CUST0170,PRD0004,2023-08-16,2.0,110.29
ORD000519,CUST0034,PRD0014,2024-09-14,8.0,635.89
ORD000520,CUST0158,PRD0041,2023-11-03,3.0,700.93
ORD000521,CUST0247,PRD0041,2024-04-01,7.0,700.93
ORD000522,CUST0013,PRD0025,2023-06-09,12.0,143.9
ORD000523,CUST0141,PRD0058,2023-11-27,11.0,45.4
ORD000524,CUST0018,PRD0055,2023-08-13,1.0,540.73
ORD000525,CUST0160,PRD0050,2024-12-29,6.0,285.21
ORD000526,CUST0096,PRD0010,2024-05-18,3.0,260.5
ORD000527,CUST0227,PRD0021,2024-03-31,8.0,472.24
ORD000528,CUST0123,PRD0036,2023-02-14,6.0,291.11
ORD000529,CUST0039,PRD0012,2023-08-02,12.0,78.44
ORD000530,CUST0046,PRD0027,2023-02-28,2.0,370.3
ORD000531,CUST0244,PRD0040,2024-10-05,6.0,37.04
ORD000532,CUST0029,PRD0002,2024-09-07,7.0,136.86
ORD000533,CUST0190,PRD0054,2023-07-14,5.0,103.87
ORD000534,CUST0241,PRD0013,2024-05-03,3.0,326.99
ORD000535,CUST0221,PRD0053,2023-06-06,4.0,742.35
ORD000536,CUST0062,PRD0032,2024-09-01,4.0,216.61
ORD000537,CUST0245,PRD0031,2023-08-14,6.0,490.91
ORD000538,CUST0236,PRD0016,2024-02-16,10.0,544.93
ORD000539,CUST0185,PRD0032,2023-07-24,1.0,216.61
ORD000540,CUST0016,PRD0032,2023-03-20,11.0,216.61
ORD000541,CUST0184,PRD0060,2023-05-04,4.0,320.42
ORD000542,CUST0236,PRD0034,2024-04-15,10.0,138.13
ORD000543,CUST0239,PRD0011,2023-08-06,13.0,816.42
ORD000544,CUST0121,PRD0010,2024-05-30,4.0,260.5
ORD000545,CUST0010,PRD0015,2024-08-24,10.0,547.01
ORD000546,CUST0158,PRD0017,2023-04-14,1.0,160.45
ORD000547,CUST0153,PRD0040,2024-01-28,9.0,
ORD000548,CUST0103,PRD0018,2024-09-22,4.0,141.2
ORD000549,CUST0084,PRD0055,2024-10-06,7.0,540.73
ORD000550,CUST0133,PRD0009,2024-08-30,12.0,365.6
ORD000551,CUST0065,PRD0025,2024-03-09,14.0,143.9
ORD000552,CUST0222,PRD0040,2023-11-27,3.0,37.04
ORD000553,CUST0177,PRD0059,2023-05-23,10.0,460.22
ORD000554,CUST0003,PRD0014,2024-06-23,12.0,635.89
ORD000555,CUST0173,PRD0060,2023-10-05,3.0,320.42
ORD000556,CUST0142,PRD0058,2023-08-21,14.0,45.4
ORD000557,CUST0120,PRD0025,2024-06-12,8.0,143.9
ORD000558,CUST0158,PRD0050,2024-07-24,8.0,285.21
ORD000559,CUST0242,PRD0022,2023-03-31,11.0,365.55
ORD000560,CUST0068,PRD0052,2024-05-06,12.0,476.07
ORD000561,CUST0146,PRD0030,2023-07-18,1.0,67.45
ORD000562,CUST0190,PRD0020,2023-12-28,,532.93
ORD000563,CUST0037,PRD0021,2024-03-16,2.0,472.24
ORD000564,CUST0153,PRD0044,2023-01-26,8.0,162.81
ORD000565,CUST0176,PRD0032,2023-01-25,1.0,216.61
ORD000566,CUST0193,PRD0051,2024-01-29,12.0,502.39
ORD000567,CUST0181,PRD0046,2024-05-21,8.0,400.12
ORD000568,CUST0238,PRD0049,2023-10-28,8.0,267.83
ORD000569,CUST0207,PRD0056,2023-12-05,2.0,711.44
ORD000570,CUST0073,PRD0021,2023-09-24,4.0,472.24
ORD000571,CUST0143,PRD0035,2024-04-05,6.0,387.88
ORD000572,CUST0049,PRD0058,2024-11-23,12.0,45.4
ORD000573,CUST0121,PRD0032,2024-03-31,11.0,216.61
ORD000574,CUST0088,PRD0030,2023-12-26,9.0,67.45
ORD000575,CUST0196,PRD0055,2023-03-09,8.0,540.73
ORD000576,CUST0140,PRD0039,2024-02-16,12.0,112.92
ORD000577,CUST0187,PRD0049,2024-05-05,8.0,267.83
ORD000578,CUST0250,PRD0012,2023-02-18,7.0,78.44
ORD000579,CUST0037,PRD0041,2024-11-17,14.0,700.93
ORD000580,CUST0061,PRD0047,2024-07-17,13.0,491.72
ORD000581,CUST0229,PRD0018,2023-04-12,9.0,141.2
ORD000582,CUST0171,PRD0021,2023-08-04,2.0,472.24
ORD000583,CUST0124,PRD0013,2024-03-13,3.0,326.99
ORD000584,CUST0198,PRD0021,2024-11-30,10.0,472.24
ORD000585,CUST0039,PRD0008,2024-07-22,8.0,68.43
ORD000586,CUST0184,PRD0046,2024-07-12,14.0,400.12
ORD000587,CUST0063,PRD0040,2023-06-08,311.0,37.04
ORD000588,CUST0046,PRD0046,2024-05-03,10.0,400.12
ORD000589,CUST0088,PRD0007,2024-11-16,9.0,723.68
ORD000590,CUST0011,PRD0023,2023-08-30,10.0,201.54
ORD000591,CUST0062,PRD0044,2023-01-05,4.0,162.81
ORD000592,CUST0077,PRD0032,2024-08-18,8.0,216.61
ORD000593,CUST0226,PRD0011,2023-12-27,10.0,816.42
ORD000594,CUST0153,PRD0022,2024-04-03,3.0,365.55
ORD000595,CUST0199,PRD0022,2023-09-05,3.0,365.55
ORD000596,CUST0052,PRD0043,2024-07-19,8.0,674.74
ORD000597,CUST0004,PRD0025,2024-11-03,5.0,143.9
ORD000598,CUST0059,PRD0022,2024-02-26,3.0,365.55
ORD000599,CUST0072,PRD0028,2023-01-15,10.0,375.61
ORD000600,CUST0148,PRD0029,2024-07-26,11.0,154.64
ORD000601,CUST0093,PRD0013,2023-05-02,1.0,326.99
ORD000602,CUST0063,PRD0018,2023-10-04,3.0,141.2
ORD000603,CUST0054,PRD0002,2024-07-11,12.0,136.86
ORD000604,CUST0117,PRD0029,2024-03-28,9.0,154.64
ORD000605,CUST0243,PRD0021,2024-01-25,5.0,472.24
ORD000606,CUST0237,PRD0015,2023-10-21,12.0,547.01
ORD000607,CUST0110,PRD0052,2024-07-27,10.0,476.07
ORD000608,CUST0074,PRD0027,2024-08-20,2.0,370.3
ORD000609,CUST0107,PRD0050,2024-03-21,7.0,285.21
ORD000610,CUST0226,PRD0031,2023-07-29,2.0,490.91
ORD000611,CUST0057,PRD0015,2024-08-12,4.0,547.01
ORD000612,CUST0218,PRD0051,2024-12-14,12.0,502.39
ORD000613,CUST0169,PRD0023,2023-10-29,459.0,201.54
ORD000614,CUST0241,PRD0024,2023-08-11,4.0,650.79
ORD000615,CUST0250,PRD0044,2023-01-03,7.0,162.81
ORD000616,CUST0003,PRD0013,2024-06-01,7.0,326.99
ORD000617,CUST0120,PRD0022,2023-04-03,1.0,365.55
ORD000618,CUST0006,PRD0043,2024-06-03,6.0,674.74
ORD000619,CUST0005,PRD0037,2024-03-03,328.0,38.5
ORD000620,CUST0005,PRD0033,2024-05-07,2.0,406.65
ORD000621,CUST0054,PRD0056,2023-08-23,14.0,711.44
ORD000622,CUST0047,PRD0003,2024-09-11,3.0,136.62
ORD000623,CUST0215,PRD0054,2023-06-10,10.0,103.87
ORD000624,CUST0177,PRD0019,2024-12-21,5.0,458.22
ORD000625,CUST0009,PRD0023,2023-11-27,9.0,201.54
ORD000626,CUST0099,PRD0029,2023-11-29,4.0,154.64
ORD000627,CUST0020,PRD0030,2023-02-19,1.0,67.45
ORD000628,CUST0122,PRD0039,2024-06-06,4.0,112.92
ORD000629,CUST0241,PRD0044,2024-10-29,6.0,162.81
ORD000630,CUST0061,PRD0047,2024-05-06,5.0,491.72
ORD000631,CUST0123,PRD0025,2024-08-04,14.0,143.9
ORD000632,CUST0234,PRD0037,2024-11-11,13.0,38.5
ORD000633,CUST0163,PRD0047,2023-09-29,1.0,491.72
ORD000634,CUST0178,PRD0008,2024-08-02,4.0,68.43
ORD000635,CUST0082,PRD0042,2023-09-09,6.0,259.69
ORD000636,CUST0062,PRD0058,2024-07-13,13.0,45.4
ORD000637,CUST0145,PRD0016,2024-11-26,10.0,544.93
ORD000638,CUST0216,PRD0008,2024-11-29,10.0,68.43
ORD000639,CUST0003,PRD0001,2023-03-31,14.0,133.49
ORD000640,CUST0160,PRD0044,2024-03-21,4.0,162.81
ORD000641,CUST0227,PRD0005,2023-11-28,14.0,160.38
ORD000642,CUST0230,PRD0003,2023-05-19,9.0,136.62
ORD000643,CUST0013,PRD0001,2023-12-23,5.0,133.49
ORD000644,CUST0120,PRD0004,2024-08-23,8.0,110.29
ORD000645,CUST0125,PRD0040,2023-10-01,9.0,37.04
ORD000646,CUST0239,PRD0035,2023-01-19,10.0,387.88
ORD000647,CUST0089,PRD0032,2023-11-07,5.0,216.61
ORD000648,CUST0073,PRD0042,2023-06-03,6.0,259.69
ORD000649,CUST0068,PRD0034,2024-01-25,1.0,138.13
ORD000650,CUST0142,PRD0043,2023-09-17,11.0,674.74
ORD000651,CUST0101,PRD0025,2024-09-11,12.0,143.9
ORD000652,CUST0098,PRD0010,2024-07-24,7.0,260.5
ORD000653,CUST0011,PRD0021,2023-05-05,4.0,472.24
ORD000654,CUST0105,PRD0046,2023-12-20,11.0,400.12
ORD000655,CUST0184,PRD0039,2023-09-30,2.0,112.92
ORD000656,CUST0067,PRD0027,2024-09-10,5.0,370.3
ORD000657,CUST0123,PRD0027,2023-09-02,12.0,370.3
ORD000658,CUST0220,PRD0002,2024-03-25,3.0,136.86
ORD000659,CUST0029,PRD0041,2023-09-04,6.0,700.93
ORD000660,CUST0137,PRD0048,2024-06-03,8.0,253.91
ORD000661,CUST0195,PRD0013,2023-05-21,7.0,326.99
ORD000662,CUST0153,PRD0009,2023-12-28,3.0,365.6
ORD000663,CUST0226,PRD0052,2023-01-08,8.0,476.07
ORD000664,CUST0076,PRD0036,2024-04-22,2.0,291.11
ORD000665,CUST0170,PRD0022,2023-12-18,10.0,365.55
ORD000666,CUST0009,PRD0042,2024-05-09,9.0,259.69
ORD000667,CUST0207,PRD0026,2024-08-28,4.0,174.95
ORD000668,CUST0040,PRD0058,2024-03-02,1.0,45.4
ORD000669,CUST0025,PRD0054,2023-02-08,8.0,103.87
ORD000670,CUST0005,PRD0012,2024-08-15,,78.44
ORD000671,CUST0139,PRD0017,2023-07-06,11.0,160.45
ORD000672,CUST0187,PRD0014,2024-08-18,13.0,635.89
ORD000673,CUST0226,PRD0014,2024-08-22,5.0,635.89
ORD000674,CUST0216,PRD0057,2023-04-03,10.0,133.48
ORD000675,CUST0124,PRD0034,2023-03-27,13.0,138.13
ORD000676,CUST0207,PRD0053,2023-02-13,5.0,742.35
ORD000677,CUST0038,PRD0057,2023-05-17,7.0,133.48
ORD000678,CUST0072,PRD0020,2024-02-25,5.0,532.93
ORD000679,CUST0133,PRD0011,2023-03-15,,816.42
ORD000680,CUST0176,PRD0016,2024-07-01,11.0,544.93
ORD000681,CUST0090,PRD0051,2024-09-04,13.0,502.39
ORD000682,CUST0146,PRD0031,2024-05-26,6.0,490.91
ORD000683,CUST0198,PRD0055,2023-06-05,13.0,540.73
ORD000684,CUST0037,PRD0006,2023-09-12,5.0,100.25
ORD000685,CUST0060,PRD0056,2023-06-20,9.0,711.44
ORD000686,CUST0176,PRD0019,2024-12-28,11.0,
ORD000687,CUST0205,PRD0037,2023-06-19,2.0,38.5
ORD000688,CUST0028,PRD0058,2023-11-18,1.0,45.4
ORD000689,CUST0197,PRD0004,2024-07-20,8.0,110.29
ORD000690,CUST0205,PRD0047,2024-03-31,12.0,491.72
ORD000691,CUST0081,PRD0004,2024-08-25,3.0,110.29
ORD000692,CUST0114,PRD0020,2024-09-04,14.0,532.93
ORD000693,CUST0040,PRD0010,2023-06-04,11.0,260.5
ORD000694,CUST0045,PRD0024,2023-12-15,12.0,650.79
ORD000695,CUST0224,PRD0054,2024-03-26,12.0,103.87
ORD000696,CUST0062,PRD0035,2024-10-14,12.0,387.88
ORD000697,CUST0093,PRD0026,2023-06-22,7.0,174.95
ORD000698,CUST0115,PRD0037,2023-01-10,10.0,38.5
ORD000699,CUST0186,PRD0038,2023-09-22,13.0,199.83
ORD000700,CUST0067,PRD0021,2024-03-13,11.0,472.24
ORD000701,CUST0056,PRD0054,2023-09-04,8.0,103.87
ORD000702,CUST0040,PRD0040,2024-10-28,13.0,37.04
ORD000703,CUST0098,PRD0039,2024-06-29,13.0,112.92
ORD000704,CUST0040,PRD0021,2024-05-13,6.0,472.24
ORD000705,CUST0091,PRD0010,2023-05-09,12.0,260.5
ORD000706,CUST0205,PRD0038,2024-11-02,10.0,199.83
ORD000707,CUST0237,PRD0046,2024-08-23,14.0,400.12
ORD000708,CUST0033,PRD0004,2024-08-27,9.0,110.29
ORD000709,CUST0006,PRD0060,2023-11-23,7.0,320.42
ORD000710,CUST0216,PRD0057,2024-02-08,10.0,133.48
ORD000711,CUST0147,PRD0045,2024-09-20,5.0,554.21
ORD000712,CUST0080,PRD0020,2024-08-28,8.0,532.93
ORD000713,CUST0168,PRD0017,2024-11-05,2.0,160.45
ORD000714,CUST0092,PRD0055,2024-09-02,,540.73
ORD000715,CUST0097,PRD0007,2024-09-16,4.0,723.68
ORD000716,CUST0059,PRD0004,2023-12-25,9.0,110.29
ORD000717,CUST0059,PRD0029,2024-08-25,12.0,154.64
ORD000718,CUST0048,PRD0014,2024-12-18,1.0,635.89
ORD000719,CUST0169,PRD0003,2023-01-17,7.0,136.62
ORD000720,CUST0013,PRD0024,2023-10-01,6.0,650.79
ORD000721,CUST0107,PRD0037,2024-11-15,8.0,38.5
ORD000722,CUST0045,PRD0016,2023-04-26,5.0,544.93
ORD000723,CUST0089,PRD0058,2024-11-23,1.0,45.4
ORD000724,CUST0181,PRD0055,2023-04-01,1.0,540.73
ORD000725,CUST0170,PRD0052,2023-03-23,9.0,476.07
ORD000726,CUST0100,PRD0004,2023-11-20,10.0,110.29
ORD000727,CUST0191,PRD0056,2023-04-24,6.0,711.44
ORD000728,CUST0155,PRD0024,2023-02-27,10.0,650.79
ORD000729,CUST0166,PRD0034,2023-06-03,5.0,138.13
ORD000730,CUST0188,PRD0030,2024-02-08,1.0,67.45
ORD000731,CUST0007,PRD0018,2024-09-19,6.0,141.2
ORD000732,CUST0133,PRD0019,2023-09-23,6.0,458.22
ORD000733,CUST0235,PRD0031,2023-11-11,3.0,490.91
ORD000734,CUST0045,PRD0060,2024-12-15,13.0,320.42
ORD000735,CUST0058,PRD0060,2023-02-10,8.0,320.42
ORD000736,CUST0249,PRD0019,2023-04-15,14.0,458.22
ORD000737,CUST0243,PRD0049,2023-07-12,1.0,267.83
ORD000738,CUST0031,PRD0046,2024-02-05,1.0,400.12
ORD000739,CUST0023,PRD0019,2023-10-05,6.0,458.22
ORD000740,CUST0170,PRD0022,2023-12-20,10.0,365.55
ORD000741,CUST0138,PRD0024,2024-08-02,13.0,650.79
ORD000742,CUST0160,PRD0045,2024-12-09,1.0,554.21
ORD000743,CUST0107,PRD0012,2023-09-13,6.0,78.44
ORD000744,CUST0181,PRD0030,2024-10-12,1.0,67.45
ORD000745,CUST0158,PRD0058,2024-10-22,14.0,45.4
ORD000746,CUST0039,PRD0038,2023-04-09,13.0,199.83
ORD000747,CUST0159,PRD0053,2024-08-10,6.0,742.35
ORD000748,CUST0082,PRD0031,2023-10-09,3.0,490.91
ORD000749,CUST0100,PRD0036,2024-02-07,14.0,291.11
ORD000750,CUST0002,PRD0019,2023-04-19,14.0,458.22
ORD000751,CUST0206,PRD0048,2024-11-30,8.0,253.91
ORD000752,CUST0077,PRD0045,2023-07-18,13.0,554.21
ORD000753,CUST0221,PRD0036,2023-10-30,6.0,291.11
ORD000754,CUST0012,PRD0030,2023-11-23,13.0,67.45
ORD000755,CUST0039,PRD0055,2023-06-03,11.0,540.73
ORD000756,CUST0194,PRD0049,2024-07-05,13.0,267.83
ORD000757,CUST0224,PRD0055,2024-10-06,1.0,540.73
ORD000758,CUST0013,PRD0033,2024-02-09,5.0,406.65
ORD000759,CUST0046,PRD0018,2024-04-06,8.0,141.2
ORD000760,CUST0155,PRD0052,2023-05-12,3.0,476.07
ORD000761,CUST0113,PRD0049,2023-03-25,12.0,267.83
ORD000762,CUST0233,PRD0059,2024-02-03,6.0,460.22
ORD000763,CUST0017,PRD0028,2024-09-19,5.0,375.61
ORD000764,CUST0104,PRD0059,2023-04-19,6.0,460.22
ORD000765,CUST0223,PRD0047,2023-08-09,10.0,491.72
ORD000766,CUST0098,PRD0011,2024-07-06,1.0,816.42
ORD000767,CUST0188,PRD0057,2024-01-03,7.0,133.48
ORD000768,CUST0192,PRD0060,2023-05-27,9.0,320.42
ORD000769,CUST0088,PRD0054,2023-04-22,2.0,103.87
ORD000770,CUST0109,PRD0045,2024-09-06,10.0,554.21
ORD000771,CUST0163,PRD0033,2024-07-11,5.0,406.65
ORD000772,CUST0240,PRD0017,2024-05-08,10.0,160.45
ORD000773,CUST0070,PRD0006,2024-05-19,4.0,100.25
ORD000774,CUST0211,PRD0004,2024-04-19,6.0,110.29
ORD000775,CUST0158,PRD0020,2023-09-28,6.0,532.93
ORD000776,CUST0199,PRD0048,2024-02-25,11.0,253.91
ORD000777,CUST0074,PRD0047,2024-12-07,2.0,491.72
ORD000778,CUST0233,PRD0027,2024-01-02,2.0,370.3
ORD000779,CUST0224,PRD0015,2023-10-07,4.0,547.01
ORD000780,CUST0226,PRD0006,2023-10-10,1.0,100.25
ORD000781,CUST0063,PRD0047,2023-02-09,9.0,491.72
ORD000782,CUST0156,PRD0014,2023-07-08,14.0,635.89
ORD000783,CUST0060,PRD0060,2023-06-13,14.0,320.42
ORD000784,CUST0079,PRD0011,2024-06-19,13.0,816.42
ORD000785,CUST0222,PRD0039,2024-06-19,7.0,112.92
ORD000786,CUST0037,PRD0009,2023-01-04,12.0,365.6
ORD000787,CUST0221,PRD0026,2023-10-17,7.0,174.95
ORD000788,CUST0022,PRD0016,2024-03-08,3.0,544.93
ORD000789,CUST0196,PRD0005,2024-04-15,11.0,160.38
ORD000790,CUST0148,PRD0057,2023-06-30,12.0,133.48
ORD000791,CUST0096,PRD0052,2023-09-05,3.0,476.07
ORD000792,CUST0228,PRD0010,2024-09-19,1.0,260.5
ORD000793,CUST0242,PRD0050,2023-10-06,3.0,285.21
ORD000794,CUST0068,PRD0003,2024-08-03,3.0,136.62
ORD000795,CUST0219,PRD0013,2023-09-11,4.0,326.99
ORD000796,CUST0192,PRD0043,2023-06-30,4.0,674.74
ORD000797,CUST0017,PRD0049,2024-11-11,3.0,267.83
ORD000798,CUST0012,PRD0030,2024-05-23,10.0,67.45
ORD000799,CUST0150,PRD0054,2024-11-30,12.0,103.87
ORD000800,CUST0145,PRD0045,2024-07-19,231.0,554.21
ORD000801,CUST0138,PRD0006,2023-11-22,8.0,100.25
ORD000802,CUST0118,PRD0017,2023-12-23,13.0,160.45
ORD000803,CUST0193,PRD0059,2024-10-11,13.0,460.22
ORD000804,CUST0022,PRD0045,2024-11-10,1.0,554.21
ORD000805,CUST0218,PRD0051,2024-01-26,7.0,502.39
ORD000806,CUST0120,PRD0053,2024-09-06,11.0,742.35
ORD000807,CUST0210,PRD0019,2023-03-26,2.0,
ORD000808,CUST0050,PRD0042,2023-11-13,1.0,259.69
ORD000809,CUST0014,PRD0035,2023-07-31,3.0,387.88
ORD000810,CUST0192,PRD0046,2024-05-29,4.0,400.12
ORD000811,CUST0175,PRD0026,2024-01-19,13.0,174.95
ORD000812,CUST0029,PRD0051,2024-11-21,6.0,502.39
ORD000813,CUST0204,PRD0005,2023-12-08,10.0,160.38
ORD000814,CUST0164,PRD0029,2023-02-07,14.0,154.64
ORD000815,CUST0227,PRD0037,2024-05-25,5.0,38.5
ORD000816,CUST0180,PRD0020,2024-02-24,14.0,532.93
ORD000817,CUST0125,PRD0049,2023-06-18,4.0,267.83
ORD000818,CUST0204,PRD0021,2023-12-09,8.0,472.24
ORD000819,CUST0007,PRD0010,2023-11-02,11.0,260.5
ORD000820,CUST0029,PRD0005,2024-06-25,12.0,160.38
ORD000821,CUST0139,PRD0036,2024-12-02,14.0,291.11
ORD000822,CUST0033,PRD0006,2024-06-20,4.0,100.25
ORD000823,CUST0134,PRD0026,2023-04-22,13.0,174.95
ORD000824,CUST0111,PRD0004,2024-02-15,10.0,110.29
ORD000825,CUST0079,PRD0039,2023-07-25,12.0,112.92
ORD000826,CUST0160,PRD0039,2023-07-04,13.0,112.92
ORD000827,CUST0179,PRD0050,2024-01-17,2.0,285.21
ORD000828,CUST0203,PRD0035,2024-05-10,3.0,387.88
ORD000829,CUST0058,PRD0001,2024-01-14,6.0,133.49
ORD000830,CUST0215,PRD0024,2023-02-16,8.0,650.79
ORD000831,CUST0026,PRD0057,2024-07-04,8.0,133.48
ORD000832,CUST0226,PRD0036,2024-06-11,11.0,291.11
ORD000833,CUST0174,PRD0006,2024-05-18,9.0,100.25
ORD000834,CUST0226,PRD0041,2023-01-22,7.0,700.93
ORD000835,CUST0029,PRD0054,2023-08-01,13.0,103.87
ORD000836,CUST0004,PRD0046,2023-11-06,2.0,400.12
ORD000837,CUST0209,PRD0060,2024-10-22,8.0,320.42
ORD000838,CUST0099,PRD0044,2023-09-29,7.0,162.81
ORD000839,CUST0141,PRD0060,2024-07-24,8.0,320.42
ORD000840,CUST0233,PRD0057,2023-07-21,12.0,133.48
ORD000841,CUST0039,PRD0031,2023-02-01,3.0,490.91
ORD000842,CUST0015,PRD0020,2024-03-18,7.0,532.93
ORD000843,CUST0119,PRD0024,2023-06-11,10.0,650.79
ORD000844,CUST0029,PRD0025,2023-09-11,13.0,143.9
ORD000845,CUST0157,PRD0036,2024-06-04,9.0,291.11
ORD000846,CUST0075,PRD0021,2024-10-12,3.0,472.24
ORD000847,CUST0116,PRD0030,2024-04-24,476.0,67.45
ORD000848,CUST0032,PRD0024,2023-01-10,10.0,650.79
ORD000849,CUST0130,PRD0044,2024-12-26,6.0,162.81
ORD000850,CUST0175,PRD0042,2024-05-19,2.0,259.69
ORD000851,CUST0206,PRD0030,2024-07-13,221.0,67.45
ORD000852,CUST0084,PRD0022,2024-03-11,5.0,365.55
ORD000853,CUST0022,PRD0028,2023-04-21,5.0,375.61
ORD000854,CUST0203,PRD0007,2023-06-02,13.0,723.68
ORD000855,CUST0027,PRD0035,2024-09-26,7.0,387.88
ORD000856,CUST0195,PRD0055,2023-04-12,12.0,540.73
ORD000857,CUST0081,PRD0028,2023-07-10,2.0,375.61
ORD000858,CUST0126,PRD0014,2024-12-29,11.0,635.89
ORD000859,CUST0236,PRD0056,2024-07-16,14.0,711.44
ORD000860,CUST0184,PRD0010,2023-03-22,13.0,260.5
ORD000861,CUST0092,PRD0016,2024-05-03,7.0,544.93
ORD000862,CUST0221,PRD0016,2023-03-29,5.0,544.93
ORD000863,CUST0021,PRD0054,2023-07-13,14.0,103.87
ORD000864,CUST0047,PRD0031,2023-04-14,6.0,490.91
ORD000865,CUST0208,PRD0042,2023-04-06,8.0,259.69
ORD000866,CUST0101,PRD0025,2024-02-27,10.0,143.9
ORD000867,CUST0187,PRD0013,2023-07-17,13.0,326.99
ORD000868,CUST0084,PRD0006,2023-01-01,14.0,100.25
ORD000869,CUST0006,PRD0044,2024-02-11,12.0,162.81
ORD000870,CUST0147,PRD0009,2024-01-13,4.0,365.6
ORD000871,CUST0185,PRD0045,2023-06-16,13.0,554.21
ORD000872,CUST0197,PRD0036,2024-05-23,7.0,291.11
ORD000873,CUST0131,PRD0056,2024-09-29,6.0,711.44
ORD000874,CUST0001,PRD0043,2023-11-09,10.0,674.74
ORD000875,CUST0058,PRD0020,2024-08-15,2.0,532.93
ORD000876,CUST0124,PRD0018,2024-02-22,8.0,141.2
ORD000877,CUST0166,PRD0058,2024-11-11,10.0,45.4
ORD000878,CUST0015,PRD0043,2024-04-21,9.0,674.74
ORD000879,CUST0162,PRD0057,2023-03-14,5.0,133.48
ORD000880,CUST0189,PRD0021,2023-05-21,10.0,472.24
ORD000881,CUST0163,PRD0004,2024-08-04,4.0,110.29
ORD000882,CUST0064,PRD0050,2023-09-19,6.0,285.21
ORD000883,CUST0241,PRD0033,2023-12-06,8.0,406.65
ORD000884,CUST0025,PRD0027,2023-11-04,11.0,370.3
ORD000885,CUST0024,PRD0007,2023-09-02,3.0,723.68
ORD000886,CUST0012,PRD0006,2024-05-29,10.0,100.25
ORD000887,CUST0018,PRD0015,2023-12-03,11.0,547.01
ORD000888,CUST0015,PRD0018,2024-07-28,11.0,
ORD000889,CUST0236,PRD0032,2024-07-14,1.0,216.61
ORD000890,CUST0208,PRD0056,2023-03-17,4.0,711.44
ORD000891,CUST0027,PRD0011,2023-06-24,4.0,816.42
ORD000892,CUST0072,PRD0020,2023-04-19,1.0,532.93
ORD000893,CUST0060,PRD0024,2023-07-02,9.0,650.79
ORD000894,CUST0174,PRD0015,2023-07-11,3.0,547.01
ORD000895,CUST0217,PRD0048,2023-03-06,5.0,253.91
ORD000896,CUST0145,PRD0007,2024-04-18,6.0,723.68
ORD000897,CUST0093,PRD0021,2023-04-10,8.0,472.24
ORD000898,CUST0053,PRD0042,2024-06-27,6.0,259.69
ORD000899,CUST0008,PRD0026,2023-05-08,3.0,174.95
ORD000900,CUST0079,PRD0044,2024-03-27,6.0,162.81
ORD000901,CUST0027,PRD0056,2024-01-04,1.0,711.44
ORD000902,CUST0174,PRD0014,2023-02-12,4.0,635.89
ORD000903,CUST0050,PRD0057,2024-02-23,6.0,133.48
ORD000904,CUST0244,PRD0037,2024-05-02,7.0,38.5
ORD000905,CUST0199,PRD0058,2023-03-19,11.0,45.4
ORD000906,CUST0131,PRD0021,2023-09-27,13.0,472.24
ORD000907,CUST0093,PRD0018,2024-11-04,11.0,141.2
ORD000908,CUST0192,PRD0005,2024-12-01,10.0,160.38
ORD000909,CUST0172,PRD0003,2024-12-28,3.0,136.62
ORD000910,CUST0181,PRD0023,2023-11-11,9.0,201.54
ORD000911,CUST0024,PRD0026,2023-06-17,12.0,174.95
ORD000912,CUST0060,PRD0037,2023-12-05,12.0,38.5
ORD000913,CUST0122,PRD0024,2023-07-12,7.0,650.79
ORD000914,CUST0131,PRD0049,2024-03-28,14.0,
ORD000915,CUST0148,PRD0019,2023-10-10,1.0,458.22
ORD000916,CUST0046,PRD0051,2023-12-02,2.0,502.39
ORD000917,CUST0015,PRD0025,2024-01-25,1.0,143.9
ORD000918,CUST0153,PRD0021,2024-06-08,11.0,472.24
ORD000919,CUST0222,PRD0012,2023-08-28,9.0,78.44
ORD000920,CUST0206,PRD0057,2024-04-27,9.0,133.48
ORD000921,CUST0199,PRD0041,2024-10-20,7.0,700.93
ORD000922,CUST0017,PRD0033,2024-12-16,10.0,406.65
ORD000923,CUST0126,PRD0050,2024-08-14,3.0,285.21
ORD000924,CUST0236,PRD0053,2024-07-08,13.0,742.35
ORD000925,CUST0084,PRD0004,2024-04-02,5.0,110.29
ORD000926,CUST0228,PRD0042,2023-03-30,4.0,259.69
ORD000927,CUST0009,PRD0057,2024-10-21,7.0,133.48
ORD000928,CUST0166,PRD0007,2023-04-05,14.0,723.68
ORD000929,CUST0176,PRD0022,2024-03-27,9.0,365.55
ORD000930,CUST0249,PRD0055,2024-03-03,12.0,540.73
ORD000931,CUST0188,PRD0033,2023-05-31,2.0,406.65
ORD000932,CUST0063,PRD0017,2024-05-28,13.0,160.45
ORD000933,CUST0214,PRD0024,2024-01-11,8.0,650.79
ORD000934,CUST0246,PRD0034,2023-01-22,9.0,138.13
ORD000935,CUST0245,PRD0028,2023-11-09,10.0,375.61
ORD000936,CUST0117,PRD0058,2024-06-02,14.0,45.4
ORD000937,CUST0130,PRD0043,2023-07-25,10.0,674.74
ORD000938,CUST0088,PRD0041,2024-01-10,9.0,700.93
ORD000939,CUST0072,PRD0039,2024-03-26,14.0,112.92
ORD000940,CUST0139,PRD0022,2024-09-17,10.0,365.55
ORD000941,CUST0064,PRD0049,2024-08-17,14.0,
ORD000942,CUST0205,PRD0017,2023-06-28,7.0,160.45
ORD000943,CUST0209,PRD0034,2023-07-29,9.0,138.13
ORD000944,CUST0072,PRD0006,2024-05-14,9.0,100.25
ORD000945,CUST0021,PRD0046,2024-04-08,14.0,400.12
ORD000946,CUST0018,PRD0006,2023-05-04,3.0,100.25
ORD000947,CUST0222,PRD0034,2023-04-23,4.0,138.13
ORD000948,CUST0064,PRD0001,2023-01-12,2.0,133.49
ORD000949,CUST0082,PRD0010,2023-05-06,,260.5
ORD000950,CUST0110,PRD0021,2024-07-18,3.0,472.24
ORD000951,CUST0239,PRD0005,2023-11-27,11.0,160.38
ORD000952,CUST0095,PRD0002,2023-10-10,11.0,136.86
ORD000953,CUST0166,PRD0022,2023-05-20,5.0,365.55
ORD000954,CUST0032,PRD0048,2024-02-05,5.0,253.91
ORD000955,CUST0011,PRD0057,2023-04-07,6.0,133.48
ORD000956,CUST0045,PRD0002,2024-05-31,13.0,136.86
ORD000957,CUST0217,PRD0010,2024-07-22,7.0,260.5
ORD000958,CUST0033,PRD0034,2023-03-10,7.0,138.13
ORD000959,CUST0102,PRD0016,2023-04-28,1.0,544.93
ORD000960,CUST0169,PRD0048,2023-02-28,14.0,253.91
ORD000961,CUST0136,PRD0051,2023-02-02,2.0,502.39
ORD000962,CUST0011,PRD0039,2023-11-14,,112.92
ORD000963,CUST0214,PRD0022,2023-02-19,9.0,365.55
ORD000964,CUST0179,PRD0012,2024-05-03,10.0,78.44
ORD000965,CUST0088,PRD0024,2023-01-19,2.0,650.79
ORD000966,CUST0041,PRD0047,2024-12-26,6.0,491.72
ORD000967,CUST0145,PRD0040,2023-07-16,11.0,37.04
ORD000968,CUST0076,PRD0038,2024-03-25,11.0,199.83
ORD000969,CUST0121,PRD0060,2024-07-12,1.0,320.42
ORD000970,CUST0046,PRD0059,2024-11-09,3.0,460.22
ORD000971,CUST0160,PRD0010,2024-03-27,2.0,260.5
ORD000972,CUST0207,PRD0035,2023-10-16,3.0,387.88
ORD000973,CUST0080,PRD0051,2023-05-21,5.0,502.39
ORD000974,CUST0054,PRD0049,2023-03-25,,267.83
ORD000975,CUST0086,PRD0032,2024-11-24,10.0,216.61
ORD000976,CUST0092,PRD0007,2024-01-26,350.0,723.68
ORD000977,CUST0148,PRD0021,2024-08-13,9.0,472.24
ORD000978,CUST0161,PRD0020,2023-08-03,12.0,532.93
ORD000979,CUST0202,PRD0026,2024-06-09,11.0,174.95
ORD000980,CUST0168,PRD0004,2023-08-03,10.0,110.29
ORD000981,CUST0160,PRD0046,2024-02-07,12.0,400.12
ORD000982,CUST0242,PRD0052,2023-05-08,12.0,476.07
ORD000983,CUST0097,PRD0022,2024-04-21,13.0,365.55
ORD000984,CUST0002,PRD0015,2024-02-08,4.0,547.01
ORD000985,CUST0225,PRD0056,2023-01-29,7.0,711.44
ORD000986,CUST0033,PRD0040,2023-12-04,6.0,37.04
ORD000987,CUST0233,PRD0021,2024-12-14,2.0,472.24
ORD000988,CUST0205,PRD0015,2023-12-27,10.0,547.01
ORD000989,CUST0158,PRD0022,2024-07-22,,365.55
ORD000990,CUST0161,PRD0052,2024-01-27,11.0,476.07
ORD000991,CUST0077,PRD0028,2023-08-06,11.0,375.61
ORD000992,CUST0116,PRD0014,2024-07-27,8.0,635.89
ORD000993,CUST0154,PRD0027,2024-10-30,7.0,370.3
ORD000994,CUST0150,PRD0041,2023-07-21,7.0,700.93
ORD000995,CUST0103,PRD0040,2023-01-17,14.0,37.04
ORD000996,CUST0194,PRD0058,2023-11-18,8.0,45.4
ORD000997,CUST0166,PRD0028,2024-06-01,12.0,375.61
ORD000998,CUST0103,PRD0026,2024-07-23,12.0,174.95
ORD000999,CUST0090,PRD0049,2023-11-21,13.0,267.83
ORD001000,CUST0174,PRD0002,2024-02-16,14.0,136.86
ORD001001,CUST0122,PRD0025,2023-11-14,11.0,143.9
ORD001002,CUST0242,PRD0056,2024-11-11,1.0,711.44
ORD001003,CUST0143,PRD0003,2023-03-23,13.0,136.62
ORD001004,CUST0226,PRD0008,2024-04-18,1.0,68.43
ORD001005,CUST0106,PRD0044,2024-04-12,8.0,162.81
ORD001006,CUST0119,PRD0033,2024-02-29,4.0,406.65
ORD001007,CUST0172,PRD0042,2024-11-19,5.0,259.69
ORD001008,CUST0049,PRD0052,2023-07-23,8.0,476.07
ORD001009,CUST0104,PRD0035,2024-08-05,5.0,387.88
ORD001010,CUST0203,PRD0006,2024-01-22,10.0,100.25
ORD001011,CUST0061,PRD0039,2023-04-08,4.0,112.92
ORD001012,CUST0195,PRD0052,2023-12-11,12.0,476.07
ORD001013,CUST0123,PRD0023,2023-07-27,6.0,201.54
ORD001014,CUST0134,PRD0025,2024-05-28,13.0,143.9
ORD001015,CUST0009,PRD0059,2024-09-27,12.0,460.22
ORD001016,CUST0006,PRD0050,2024-08-08,5.0,285.21
ORD001017,CUST0073,PRD0043,2023-06-15,14.0,674.74
ORD001018,CUST0103,PRD0019,2023-01-22,7.0,458.22
ORD001019,CUST0223,PRD0005,2023-06-03,14.0,160.38
ORD001020,CUST0160,PRD0051,2024-03-14,,502.39
ORD001021,CUST0041,PRD0011,2023-10-22,7.0,816.42
ORD001022,CUST0114,PRD0056,2023-08-07,13.0,711.44
ORD001023,CUST0204,PRD0012,2024-10-30,4.0,78.44
ORD001024,CUST0008,PRD0010,2024-05-09,12.0,260.5
ORD001025,CUST0072,PRD0008,2023-08-18,13.0,68.43
ORD001026,CUST0178,PRD0024,2023-01-20,5.0,650.79
ORD001027,CUST0092,PRD0060,2024-07-06,13.0,320.42
ORD001028,CUST0062,PRD0028,2023-05-28,3.0,375.61
ORD001029,CUST0084,PRD0041,2023-04-18,4.0,700.93
ORD001030,CUST0062,PRD0036,2024-02-07,14.0,291.11
ORD001031,CUST0111,PRD0037,2024-08-18,4.0,38.5
ORD001032,CUST0127,PRD0021,2024-04-27,3.0,472.24
ORD001033,CUST0007,PRD0008,2024-01-02,13.0,68.43
ORD001034,CUST0203,PRD0055,2024-02-18,10.0,540.73
ORD001035,CUST0084,PRD0009,2023-11-05,5.0,365.6
ORD001036,CUST0208,PRD0047,2023-05-14,5.0,491.72
ORD001037,CUST0132,PRD0015,2024-12-19,11.0,547.01
ORD001038,CUST0134,PRD0048,2023-10-10,7.0,253.91
ORD001039,CUST0058,PRD0046,2023-03-14,4.0,400.12
ORD001040,CUST0022,PRD0040,2024-04-25,13.0,37.04
ORD001041,CUST0154,PRD0018,2023-12-18,4.0,141.2
ORD001042,CUST0127,PRD0042,2024-07-13,9.0,259.69
ORD001043,CUST0003,PRD0060,2023-11-22,6.0,320.42
ORD001044,CUST0127,PRD0020,2024-03-18,4.0,532.93
ORD001045,CUST0041,PRD0006,2023-04-10,2.0,100.25
ORD001046,CUST0188,PRD0012,2023-02-28,6.0,78.44
ORD001047,CUST0106,PRD0002,2024-05-22,2.0,136.86
ORD001048,CUST0014,PRD0007,2023-09-15,5.0,723.68
ORD001049,CUST0203,PRD0016,2024-02-17,6.0,544.93
ORD001050,CUST0210,PRD0003,2024-03-27,4.0,136.62
ORD001051,CUST0246,PRD0045,2023-03-06,14.0,554.21
ORD001052,CUST0012,PRD0003,2024-08-17,13.0,136.62
ORD001053,CUST0087,PRD0027,2023-06-03,3.0,370.3
ORD001054,CUST0012,PRD0050,2023-09-23,7.0,285.21
ORD001055,CUST0141,PRD0043,2023-03-20,2.0,674.74
ORD001056,CUST0025,PRD0040,2023-11-11,13.0,37.04
ORD001057,CUST0045,PRD0038,2024-10-23,11.0,199.83
ORD001058,CUST0243,PRD0033,2024-07-13,14.0,406.65
ORD001059,CUST0122,PRD0028,2023-09-05,6.0,375.61
ORD001060,CUST0147,PRD0001,2024-09-01,13.0,133.49
ORD001061,CUST0055,PRD0055,2024-02-18,4.0,540.73
ORD001062,CUST0238,PRD0008,2023-01-25,6.0,68.43
ORD001063,CUST0100,PRD0037,2023-10-11,4.0,38.5
ORD001064,CUST0173,PRD0032,2024-03-24,4.0,216.61
ORD001065,CUST0136,PRD0060,2023-10-28,4.0,320.42
ORD001066,CUST0221,PRD0048,2023-03-09,9.0,253.91
ORD001067,CUST0119,PRD0043,2023-01-07,7.0,674.74
ORD001068,CUST0053,PRD0037,2023-05-17,3.0,38.5
ORD001069,CUST0183,PRD0004,2023-06-13,3.0,110.29
ORD001070,CUST0032,PRD0030,2023-03-24,6.0,67.45
ORD001071,CUST0051,PRD0006,2024-10-11,6.0,100.25
ORD001072,CUST0044,PRD0046,2024-02-24,4.0,400.12
ORD001073,CUST0082,PRD0054,2023-03-14,9.0,103.87
ORD001074,CUST0198,PRD0019,2023-08-25,,458.22
ORD001075,CUST0146,PRD0032,2023-02-15,9.0,216.61
ORD001076,CUST0211,PRD0009,2024-09-09,4.0,365.6
ORD001077,CUST0150,PRD0012,2023-09-19,2.0,78.44
ORD001078,CUST0037,PRD0011,2023-06-25,2.0,816.42
ORD001079,CUST0096,PRD0046,2023-06-15,5.0,400.12
ORD001080,CUST0056,PRD0055,2024-10-18,4.0,540.73
ORD001081,CUST0105,PRD0016,2024-01-05,7.0,544.93
ORD001082,CUST0059,PRD0001,2023-02-23,14.0,133.49
ORD001083,CUST0131,PRD0045,2024-11-20,11.0,554.21
ORD001084,CUST0156,PRD0055,2024-02-23,5.0,540.73
ORD001085,CUST0202,PRD0053,2024-05-21,6.0,742.35
ORD001086,CUST0243,PRD0021,2023-12-07,10.0,472.24
ORD001087,CUST0035,PRD0030,2023-05-07,4.0,67.45
ORD001088,CUST0189,PRD0013,2024-02-13,13.0,326.99
ORD001089,CUST0093,PRD0034,2024-01-02,12.0,138.13
ORD001090,CUST0182,PRD0004,2023-09-28,2.0,110.29
ORD001091,CUST0191,PRD0028,2024-10-05,13.0,375.61
ORD001092,CUST0207,PRD0038,2024-08-27,10.0,199.83
ORD001093,CUST0097,PRD0058,2024-01-14,9.0,45.4
ORD001094,CUST0135,PRD0031,2023-03-14,10.0,490.91
ORD001095,CUST0076,PRD0059,2023-09-05,7.0,460.22
ORD001096,CUST0049,PRD0055,2023-02-12,4.0,540.73
ORD001097,CUST0094,PRD0027,2024-01-12,3.0,370.3
ORD001098,CUST0213,PRD0005,2023-02-10,10.0,160.38
ORD001099,CUST0159,PRD0025,2023-06-19,14.0,143.9
ORD001100,CUST0186,PRD0003,2023-07-31,3.0,136.62
ORD001101,CUST0189,PRD0033,2024-05-07,9.0,406.65
ORD001102,CUST0024,PRD0004,2024-11-10,5.0,110.29
ORD001103,CUST0148,PRD0025,2023-02-08,13.0,143.9
ORD001104,CUST0037,PRD0020,2024-01-04,3.0,532.93
ORD001105,CUST0004,PRD0034,2023-05-31,5.0,138.13
ORD001106,CUST0220,PRD0026,2023-04-21,2.0,174.95
ORD001107,CUST0108,PRD0005,2024-04-24,11.0,160.38
ORD001108,CUST0126,PRD0035,2024-03-11,4.0,387.88
ORD001109,CUST0020,PRD0028,2023-02-16,10.0,375.61
ORD001110,CUST0188,PRD0029,2024-07-28,2.0,154.64
ORD001111,CUST0152,PRD0009,2024-01-01,2.0,365.6
ORD001112,CUST0050,PRD0052,2023-03-10,12.0,476.07
ORD001113,CUST0177,PRD0038,2023-10-26,8.0,199.83
ORD001114,CUST0179,PRD0050,2023-10-23,1.0,285.21
ORD001115,CUST0096,PRD0006,2023-07-22,14.0,100.25
ORD001116,CUST0105,PRD0019,2023-03-02,7.0,458.22
ORD001117,CUST0164,PRD0060,2023-11-10,5.0,320.42
ORD001118,CUST0250,PRD0044,2023-06-10,11.0,162.81
ORD001119,CUST0117,PRD0057,2023-11-27,8.0,133.48
ORD001120,CUST0098,PRD0011,2024-06-11,1.0,816.42
ORD001121,CUST0228,PRD0002,2023-12-04,11.0,136.86
ORD001122,CUST0066,PRD0047,2024-08-28,7.0,491.72
ORD001123,CUST0079,PRD0044,2023-10-31,5.0,162.81
ORD001124,CUST0162,PRD0044,2024-05-17,4.0,162.81
ORD001125,CUST0164,PRD0009,2024-10-11,7.0,365.6
ORD001126,CUST0006,PRD0021,2023-12-04,10.0,472.24
ORD001127,CUST0039,PRD0024,2024-07-03,2.0,650.79
ORD001128,CUST0170,PRD0034,2024-09-30,12.0,138.13
ORD001129,CUST0243,PRD0022,2023-10-02,1.0,365.55
ORD001130,CUST0115,PRD0003,2023-06-13,1.0,136.62
ORD001131,CUST0186,PRD0012,2024-03-18,11.0,78.44
ORD001132,CUST0246,PRD0028,2023-11-15,12.0,375.61
ORD001133,CUST0125,PRD0030,2024-08-11,1.0,67.45
ORD001134,CUST0012,PRD0026,2024-05-18,12.0,174.95
ORD001135,CUST0131,PRD0048,2024-11-16,5.0,253.91
ORD001136,CUST0237,PRD0021,2024-01-22,10.0,472.24
ORD001137,CUST0018,PRD0028,2024-08-25,7.0,375.61
ORD001138,CUST0040,PRD0056,2024-11-21,2.0,711.44
ORD001139,CUST0021,PRD0026,2024-05-08,10.0,174.95
ORD001140,CUST0143,PRD0033,2024-05-04,8.0,406.65
ORD001141,CUST0225,PRD0021,2024-12-21,4.0,472.24
ORD001142,CUST0099,PRD0035,2023-03-14,12.0,387.88
ORD001143,CUST0026,PRD0052,2024-05-23,3.0,476.07
ORD001144,CUST0008,PRD0034,2024-01-25,10.0,138.13
ORD001145,CUST0100,PRD0041,2024-09-10,11.0,700.93
ORD001146,CUST0240,PRD0051,2023-10-22,8.0,502.39
ORD001147,CUST0222,PRD0047,2024-01-04,2.0,491.72
ORD001148,CUST0087,PRD0018,2024-11-24,11.0,141.2
ORD001149,CUST0042,PRD0058,2024-07-02,11.0,45.4
ORD001150,CUST0172,PRD0011,2024-10-10,13.0,816.42
ORD001151,CUST0014,PRD0057,2024-07-21,3.0,133.48
ORD001152,CUST0078,PRD0023,2023-07-06,12.0,201.54
ORD001153,CUST0002,PRD0048,2024-03-20,3.0,253.91
ORD001154,CUST0119,PRD0022,2024-07-23,10.0,365.55
ORD001155,CUST0037,PRD0017,2023-12-29,11.0,160.45
ORD001156,CUST0069,PRD0005,2023-05-03,1.0,160.38
ORD001157,CUST0166,PRD0044,2023-07-07,6.0,162.81
ORD001158,CUST0237,PRD0011,2024-11-10,2.0,
ORD001159,CUST0041,PRD0030,2024-02-24,1.0,67.45
ORD001160,CUST0062,PRD0015,2024-09-17,2.0,547.01
ORD001161,CUST0246,PRD0027,2023-09-09,12.0,370.3
ORD001162,CUST0060,PRD0035,2024-09-10,6.0,387.88
ORD001163,CUST0125,PRD0033,2024-07-02,14.0,406.65
ORD001164,CUST0111,PRD0020,2023-12-01,,532.93
ORD001165,CUST0014,PRD0016,2023-04-02,6.0,544.93
ORD001166,CUST0248,PRD0034,2024-06-13,12.0,138.13
ORD001167,CUST0231,PRD0002,2023-03-04,9.0,136.86
ORD001168,CUST0217,PRD0035,2024-10-23,13.0,387.88
ORD001169,CUST0084,PRD0040,2024-05-26,10.0,37.04
ORD001170,CUST0130,PRD0056,2023-05-19,12.0,711.44
ORD001171,CUST0231,PRD0028,2024-11-28,10.0,375.61
ORD001172,CUST0070,PRD0047,2023-07-04,8.0,491.72
ORD001173,CUST0145,PRD0039,2023-07-24,1.0,112.92
ORD001174,CUST0123,PRD0006,2023-08-02,13.0,100.25
ORD001175,CUST0089,PRD0009,2023-09-13,8.0,365.6
ORD001176,CUST0249,PRD0020,2023-05-15,9.0,532.93
ORD001177,CUST0028,PRD0060,2024-07-26,6.0,320.42
ORD001178,CUST0066,PRD0001,2023-03-29,10.0,133.49
ORD001179,CUST0163,PRD0008,2023-07-26,5.0,68.43
ORD001180,CUST0229,PRD0055,2023-05-09,6.0,540.73
ORD001181,CUST0005,PRD0023,2023-01-03,13.0,201.54
ORD001182,CUST0193,PRD0003,2023-05-01,6.0,136.62
ORD001183,CUST0168,PRD0004,2024-01-20,9.0,110.29
ORD001184,CUST0204,PRD0058,2024-09-05,4.0,45.4
ORD001185,CUST0184,PRD0025,2023-02-07,2.0,143.9
ORD001186,CUST0164,PRD0047,2023-12-07,11.0,491.72
ORD001187,CUST0045,PRD0038,2024-10-06,11.0,199.83
ORD001188,CUST0151,PRD0015,2024-12-14,9.0,547.01
ORD001189,CUST0047,PRD0021,2023-01-21,2.0,472.24
ORD001190,CUST0031,PRD0035,2023-08-30,10.0,387.88
ORD001191,CUST0139,PRD0057,2024-03-30,9.0,133.48
ORD001192,CUST0010,PRD0053,2024-09-12,2.0,742.35
ORD001193,CUST0195,PRD0053,2023-10-30,12.0,742.35
ORD001194,CUST0118,PRD0046,2024-08-18,8.0,400.12
ORD001195,CUST0014,PRD0052,2024-08-17,9.0,476.07
ORD001196,CUST0080,PRD0014,2023-03-10,12.0,635.89
ORD001197,CUST0202,PRD0036,2023-05-09,10.0,291.11
ORD001198,CUST0093,PRD0012,2023-07-15,9.0,78.44
ORD001199,CUST0010,PRD0017,2023-05-20,10.0,160.45
ORD001200,CUST0076,PRD0039,2024-03-19,9.0,112.92
ORD001201,CUST0094,PRD0009,2023-10-10,2.0,365.6
ORD001202,CUST0105,PRD0035,2023-11-08,4.0,387.88
ORD001203,CUST0001,PRD0060,2024-06-18,7.0,320.42
ORD001204,CUST0133,PRD0013,2024-10-26,12.0,326.99
ORD001205,CUST0020,PRD0015,2023-10-04,2.0,547.01
ORD001206,CUST0008,PRD0018,2023-03-02,1.0,141.2
ORD001207,CUST0171,PRD0051,2023-11-15,3.0,502.39
ORD001208,CUST0204,PRD0033,2023-02-21,12.0,406.65
ORD001209,CUST0001,PRD0006,2023-06-02,4.0,100.25
ORD001210,CUST0057,PRD0059,2023-11-07,8.0,460.22
ORD001211,CUST0064,PRD0027,2024-06-27,6.0,370.3
ORD001212,CUST0118,PRD0023,2024-07-20,11.0,201.54
ORD001213,CUST0212,PRD0059,2024-01-24,2.0,460.22
ORD001214,CUST0028,PRD0027,2024-07-01,9.0,370.3
ORD001215,CUST0121,PRD0034,2024-09-13,14.0,138.13
ORD001216,CUST0107,PRD0056,2023-06-26,2.0,711.44
ORD001217,CUST0165,PRD0046,2023-12-28,13.0,400.12
ORD001218,CUST0175,PRD0038,2023-11-10,12.0,199.83
ORD001219,CUST0229,PRD0014,2023-04-07,5.0,635.89
ORD001220,CUST0204,PRD0036,2023-08-01,12.0,291.11
ORD001221,CUST0165,PRD0053,2023-05-17,4.0,742.35
ORD001222,CUST0049,PRD0008,2023-01-06,13.0,68.43
ORD001223,CUST0241,PRD0035,2023-04-19,7.0,387.88
ORD001224,CUST0120,PRD0019,2024-06-30,8.0,458.22
ORD001225,CUST0044,PRD0030,2023-02-08,5.0,67.45
ORD001226,CUST0056,PRD0014,2024-10-23,10.0,635.89
ORD001227,CUST0156,PRD0059,2024-02-29,14.0,460.22
ORD001228,CUST0111,PRD0020,2024-09-21,14.0,532.93
ORD001229,CUST0207,PRD0049,2023-09-18,5.0,267.83
ORD001230,CUST0134,PRD0025,2024-03-01,2.0,143.9
ORD001231,CUST0108,PRD0040,2023-03-28,8.0,37.04
ORD001232,CUST0189,PRD0024,2024-04-09,14.0,650.79
ORD001233,CUST0148,PRD0014,2023-03-17,2.0,635.89
ORD001234,CUST0114,PRD0026,2024-04-15,10.0,174.95
ORD001235,CUST0078,PRD0038,2024-02-18,12.0,199.83
ORD001236,CUST0130,PRD0023,2024-12-26,6.0,201.54
ORD001237,CUST0201,PRD0022,2024-04-01,8.0,365.55
ORD001238,CUST0037,PRD0048,2023-10-12,6.0,253.91
ORD001239,CUST0020,PRD0057,2023-08-27,4.0,133.48
ORD001240,CUST0026,PRD0019,2024-11-07,13.0,458.22
ORD001241,CUST0029,PRD0046,2024-08-21,4.0,400.12
ORD001242,CUST0001,PRD0051,2024-10-14,6.0,502.39
ORD001243,CUST0119,PRD0003,2024-11-02,14.0,136.62
ORD001244,CUST0035,PRD0042,2024-07-11,13.0,259.69
ORD001245,CUST0198,PRD0019,2024-01-07,4.0,458.22
ORD001246,CUST0229,PRD0009,2024-05-09,8.0,365.6
ORD001247,CUST0245,PRD0028,2024-09-15,9.0,375.61
ORD001248,CUST0059,PRD0020,2023-02-14,1.0,532.93
ORD001249,CUST0069,PRD0045,2024-02-05,13.0,554.21
ORD001250,CUST0161,PRD0007,2023-09-04,4.0,723.68
ORD001251,CUST0241,PRD0014,2024-09-07,4.0,635.89
ORD001252,CUST0179,PRD0009,2024-08-19,2.0,365.6
ORD001253,CUST0206,PRD0059,2024-03-25,6.0,460.22
ORD001254,CUST0012,PRD0060,2024-04-29,3.0,320.42
ORD001255,CUST0234,PRD0055,2024-10-07,7.0,540.73
ORD001256,CUST0020,PRD0057,2024-09-11,13.0,133.48
ORD001257,CUST0181,PRD0060,2023-01-18,11.0,320.42
ORD001258,CUST0242,PRD0019,2024-08-28,11.0,458.22
ORD001259,CUST0216,PRD0047,2024-10-23,5.0,491.72
ORD001260,CUST0043,PRD0052,2023-10-16,4.0,476.07
ORD001261,CUST0126,PRD0014,2024-02-18,5.0,635.89
ORD001262,CUST0226,PRD0056,2024-12-21,8.0,711.44
ORD001263,CUST0217,PRD0038,2024-09-29,3.0,199.83
ORD001264,CUST0050,PRD0053,2023-08-23,14.0,742.35
ORD001265,CUST0029,PRD0036,2024-02-20,7.0,291.11
ORD001266,CUST0185,PRD0040,2024-05-13,14.0,37.04
ORD001267,CUST0039,PRD0017,2024-09-25,6.0,160.45
ORD001268,CUST0223,PRD0030,2024-10-11,12.0,67.45
ORD001269,CUST0184,PRD0009,2023-04-25,1.0,365.6
ORD001270,CUST0239,PRD0033,2024-11-04,13.0,406.65
ORD001271,CUST0171,PRD0056,2024-12-13,7.0,711.44
ORD001272,CUST0178,PRD0052,2023-08-22,14.0,476.07
ORD001273,CUST0151,PRD0025,2024-06-23,13.0,143.9
ORD001274,CUST0172,PRD0014,2023-01-11,7.0,635.89
ORD001275,CUST0038,PRD0011,2023-07-25,14.0,816.42
ORD001276,CUST0084,PRD0053,2024-11-09,12.0,742.35
ORD001277,CUST0151,PRD0035,2023-09-04,1.0,387.88
ORD001278,CUST0128,PRD0041,2024-07-12,9.0,700.93
ORD001279,CUST0126,PRD0059,2023-05-07,6.0,460.22
ORD001280,CUST0045,PRD0014,2023-05-27,,635.89
ORD001281,CUST0052,PRD0030,2023-04-28,2.0,67.45
ORD001282,CUST0080,PRD0041,2024-01-17,5.0,700.93
ORD001283,CUST0178,PRD0004,2024-02-16,13.0,110.29
ORD001284,CUST0234,PRD0059,2024-10-25,11.0,460.22
ORD001285,CUST0124,PRD0004,2024-08-06,4.0,110.29
ORD001286,CUST0119,PRD0028,2023-12-29,7.0,375.61
ORD001287,CUST0008,PRD0008,2024-05-23,8.0,68.43
ORD001288,CUST0242,PRD0002,2023-05-17,11.0,136.86
ORD001289,CUST0085,PRD0041,2023-06-24,,700.93
ORD001290,CUST0129,PRD0046,2023-10-16,11.0,400.12
ORD001291,CUST0247,PRD0022,2024-04-25,1.0,365.55
ORD001292,CUST0008,PRD0041,2023-01-19,5.0,700.93
ORD001293,CUST0157,PRD0056,2023-07-14,3.0,711.44
ORD001294,CUST0096,PRD0055,2023-11-26,1.0,540.73
ORD001295,CUST0102,PRD0016,2023-06-24,12.0,544.93
ORD001296,CUST0005,PRD0029,2024-03-24,3.0,154.64
ORD001297,CUST0239,PRD0049,2023-12-20,14.0,267.83
ORD001298,CUST0086,PRD0048,2024-05-13,6.0,253.91
ORD001299,CUST0175,PRD0030,2023-05-21,14.0,67.45
ORD001300,CUST0034,PRD0012,2023-04-03,7.0,78.44
ORD001301,CUST0193,PRD0035,2023-08-27,8.0,387.88
ORD001302,CUST0055,PRD0011,2023-07-24,13.0,816.42
ORD001303,CUST0119,PRD0046,2024-07-13,11.0,400.12
ORD001304,CUST0218,PRD0050,2024-03-08,4.0,285.21
ORD001305,CUST0171,PRD0021,2023-09-02,3.0,472.24
ORD001306,CUST0202,PRD0021,2023-11-13,5.0,472.24
ORD001307,CUST0158,PRD0005,2023-10-22,9.0,160.38
ORD001308,CUST0114,PRD0048,2024-10-01,13.0,253.91
ORD001309,CUST0210,PRD0020,2023-10-09,6.0,532.93
ORD001310,CUST0145,PRD0037,2023-01-17,9.0,38.5
ORD001311,CUST0026,PRD0003,2023-03-12,6.0,136.62
ORD001312,CUST0136,PRD0044,2023-09-26,2.0,162.81
ORD001313,CUST0047,PRD0033,2023-11-21,13.0,406.65
ORD001314,CUST0232,PRD0053,2023-11-01,5.0,742.35
ORD001315,CUST0113,PRD0009,2024-03-26,12.0,365.6
ORD001316,CUST0076,PRD0009,2023-01-07,11.0,365.6
ORD001317,CUST0219,PRD0004,2023-11-10,9.0,110.29
ORD001318,CUST0072,PRD0035,2023-04-13,8.0,387.88
ORD001319,CUST0089,PRD0017,2023-07-12,7.0,160.45
ORD001320,CUST0046,PRD0034,2024-07-27,1.0,138.13
ORD001321,CUST0196,PRD0024,2024-06-12,4.0,650.79
ORD001322,CUST0033,PRD0032,2023-06-20,12.0,216.61
ORD001323,CUST0001,PRD0001,2024-06-20,7.0,133.49
ORD001324,CUST0147,PRD0008,2023-09-08,11.0,68.43
ORD001325,CUST0031,PRD0045,2024-01-22,7.0,554.21
ORD001326,CUST0208,PRD0023,2023-07-26,6.0,201.54
ORD001327,CUST0142,PRD0047,2024-06-24,8.0,491.72
ORD001328,CUST0053,PRD0040,2024-09-20,11.0,37.04
ORD001329,CUST0048,PRD0012,2024-02-20,13.0,78.44
ORD001330,CUST0069,PRD0054,2024-01-15,6.0,103.87
ORD001331,CUST0105,PRD0012,2023-05-24,10.0,78.44
ORD001332,CUST0090,PRD0046,2023-01-25,3.0,
ORD001333,CUST0190,PRD0047,2024-10-29,4.0,491.72
ORD001334,CUST0220,PRD0015,2023-03-14,14.0,547.01
ORD001335,CUST0194,PRD0041,2024-09-23,3.0,700.93
ORD001336,CUST0242,PRD0019,2023-04-03,1.0,458.22
ORD001337,CUST0192,PRD0026,2024-05-19,10.0,174.95
ORD001338,CUST0198,PRD0052,2024-08-20,5.0,476.07
ORD001339,CUST0063,PRD0029,2023-12-02,1.0,154.64
ORD001340,CUST0073,PRD0022,2024-02-29,1.0,365.55
ORD001341,CUST0161,PRD0040,2024-05-13,2.0,37.04
ORD001342,CUST0169,PRD0021,2023-12-30,13.0,472.24
ORD001343,CUST0089,PRD0051,2024-09-21,4.0,502.39
ORD001344,CUST0176,PRD0038,2023-07-18,6.0,199.83
ORD001345,CUST0013,PRD0020,2024-12-18,8.0,532.93
ORD001346,CUST0073,PRD0057,2024-02-17,13.0,133.48
ORD001347,CUST0245,PRD0029,2023-12-05,3.0,154.64
ORD001348,CUST0077,PRD0051,2024-10-20,1.0,502.39
ORD001349,CUST0159,PRD0004,2024-03-04,3.0,110.29
ORD001350,CUST0233,PRD0055,2023-05-19,12.0,540.73
ORD001351,CUST0203,PRD0007,2024-11-23,3.0,723.68
ORD001352,CUST0068,PRD0028,2024-06-25,5.0,375.61
ORD001353,CUST0098,PRD0028,2023-02-26,11.0,375.61
ORD001354,CUST0125,PRD0004,2023-08-20,12.0,110.29
ORD001355,CUST0102,PRD0022,2024-10-19,12.0,365.55
ORD001356,CUST0238,PRD0012,2024-03-10,4.0,78.44
ORD001357,CUST0132,PRD0045,2024-01-19,13.0,554.21
ORD001358,CUST0102,PRD0003,2024-07-13,4.0,136.62
ORD001359,CUST0019,PRD0022,2023-07-13,9.0,365.55
ORD001360,CUST0198,PRD0044,2024-10-09,7.0,162.81
ORD001361,CUST0226,PRD0002,2024-06-17,4.0,136.86
ORD001362,CUST0082,PRD0024,2024-06-01,3.0,650.79
ORD001363,CUST0141,PRD0034,2024-12-16,6.0,138.13
ORD001364,CUST0233,PRD0027,2023-07-04,3.0,370.3
ORD001365,CUST0023,PRD0055,2023-10-19,6.0,540.73
ORD001366,CUST0083,PRD0041,2023-12-01,11.0,700.93
ORD001367,CUST0109,PRD0001,2023-04-26,13.0,133.49
ORD001368,CUST0075,PRD0008,2023-02-18,11.0,68.43
ORD001369,CUST0129,PRD0023,2024-11-15,13.0,201.54
ORD001370,CUST0088,PRD0038,2023-03-23,13.0,199.83
ORD001371,CUST0054,PRD0006,2023-11-29,12.0,100.25
ORD001372,CUST0199,PRD0022,2024-07-10,9.0,365.55
ORD001373,CUST0089,PRD0025,2023-12-01,6.0,143.9
ORD001374,CUST0213,PRD0018,2024-06-15,12.0,141.2
ORD001375,CUST0143,PRD0017,2023-08-09,4.0,160.45
ORD001376,CUST0065,PRD0012,2024-09-26,5.0,78.44
ORD001377,CUST0076,PRD0006,2023-11-19,13.0,100.25
ORD001378,CUST0250,PRD0026,2023-01-03,6.0,174.95
ORD001379,CUST0199,PRD0027,2024-11-24,11.0,370.3
ORD001380,CUST0143,PRD0008,2023-07-25,3.0,68.43
ORD001381,CUST0149,PRD0019,2023-02-09,8.0,458.22
ORD001382,CUST0147,PRD0060,2023-02-28,4.0,320.42
ORD001383,CUST0060,PRD0042,2024-07-27,8.0,259.69
ORD001384,CUST0093,PRD0001,2024-10-05,10.0,133.49
ORD001385,CUST0217,PRD0057,2024-05-21,10.0,133.48
ORD001386,CUST0161,PRD0029,2024-07-25,3.0,154.64
ORD001387,CUST0049,PRD0045,2023-05-02,10.0,554.21
ORD001388,CUST0224,PRD0049,2024-04-23,7.0,267.83
ORD001389,CUST0241,PRD0035,2024-09-10,11.0,387.88
ORD001390,CUST0035,PRD0040,2023-04-06,13.0,37.04
ORD001391,CUST0172,PRD0014,2024-02-18,12.0,635.89
ORD001392,CUST0102,PRD0035,2023-08-23,9.0,387.88
ORD001393,CUST0218,PRD0048,2023-03-03,4.0,253.91
ORD001394,CUST0011,PRD0045,2023-09-13,8.0,554.21
ORD001395,CUST0099,PRD0020,2024-07-14,3.0,532.93
ORD001396,CUST0200,PRD0056,2023-12-14,7.0,711.44
ORD001397,CUST0110,PRD0049,2024-11-01,3.0,267.83
ORD001398,CUST0206,PRD0013,2023-05-04,12.0,326.99
ORD001399,CUST0074,PRD0038,2024-04-26,7.0,199.83
ORD001400,CUST0194,PRD0049,2023-11-13,14.0,267.83
ORD001401,CUST0174,PRD0046,2024-05-18,11.0,400.12
ORD001402,CUST0009,PRD0049,2024-12-19,10.0,267.83
ORD001403,CUST0003,PRD0008,2023-02-17,10.0,68.43
ORD001404,CUST0085,PRD0043,2024-02-13,11.0,674.74
ORD001405,CUST0026,PRD0020,2023-05-16,11.0,532.93
ORD001406,CUST0072,PRD0060,2023-07-20,6.0,320.42
ORD001407,CUST0048,PRD0033,2023-09-07,2.0,406.65
ORD001408,CUST0194,PRD0026,2023-11-10,11.0,174.95
ORD001409,CUST0198,PRD0039,2024-01-03,3.0,112.92
ORD001410,CUST0156,PRD0021,2024-03-04,6.0,472.24
ORD001411,CUST0117,PRD0053,2024-04-24,14.0,742.35
ORD001412,CUST0221,PRD0049,2023-11-10,4.0,267.83
ORD001413,CUST0154,PRD0042,2024-05-14,6.0,259.69
ORD001414,CUST0153,PRD0043,2024-12-21,1.0,674.74
ORD001415,CUST0012,PRD0054,2023-12-21,10.0,103.87
ORD001416,CUST0133,PRD0041,2024-04-29,12.0,700.93
ORD001417,CUST0226,PRD0009,2023-07-30,1.0,365.6
ORD001418,CUST0048,PRD0024,2024-12-04,3.0,650.79
ORD001419,CUST0037,PRD0037,2023-02-13,8.0,38.5
ORD001420,CUST0207,PRD0049,2024-06-24,8.0,267.83
ORD001421,CUST0044,PRD0041,2024-07-24,11.0,700.93
ORD001422,CUST0228,PRD0017,2024-08-05,4.0,160.45
ORD001423,CUST0015,PRD0024,2023-04-02,6.0,650.79
ORD001424,CUST0043,PRD0021,2023-09-22,8.0,472.24
ORD001425,CUST0176,PRD0051,2023-08-08,7.0,502.39
ORD001426,CUST0087,PRD0059,2024-03-17,11.0,
ORD001427,CUST0070,PRD0039,2024-02-05,7.0,112.92
ORD001428,CUST0046,PRD0055,2024-02-04,13.0,540.73
ORD001429,CUST0242,PRD0041,2024-12-27,4.0,700.93
ORD001430,CUST0108,PRD0039,2024-07-29,9.0,112.92
ORD001431,CUST0123,PRD0013,2024-05-04,12.0,326.99
ORD001432,CUST0171,PRD0011,2024-04-29,10.0,816.42
ORD001433,CUST0237,PRD0046,2024-04-14,6.0,400.12
ORD001434,CUST0021,PRD0019,2024-07-27,14.0,458.22
ORD001435,CUST0151,PRD0011,2024-11-12,12.0,816.42
ORD001436,CUST0107,PRD0013,2024-03-20,11.0,326.99
ORD001437,CUST0247,PRD0046,2023-09-26,3.0,400.12
ORD001438,CUST0080,PRD0045,2023-09-24,5.0,554.21
ORD001439,CUST0047,PRD0001,2023-02-23,5.0,133.49
ORD001440,CUST0117,PRD0040,2024-06-11,14.0,37.04
ORD001441,CUST0124,PRD0044,2024-06-03,5.0,162.81
ORD001442,CUST0143,PRD0019,2024-09-07,8.0,458.22
ORD001443,CUST0025,PRD0012,2023-02-28,9.0,78.44
ORD001444,CUST0036,PRD0008,2023-02-09,13.0,68.43
ORD001445,CUST0203,PRD0008,2023-08-25,9.0,68.43
ORD001446,CUST0051,PRD0053,2024-01-21,13.0,742.35
ORD001447,CUST0015,PRD0045,2024-08-28,403.0,554.21
ORD001448,CUST0068,PRD0012,2024-12-16,6.0,78.44
ORD001449,CUST0021,PRD0048,2024-10-11,9.0,253.91
ORD001450,CUST0141,PRD0033,2023-10-27,4.0,406.65
ORD001451,CUST0214,PRD0045,2024-01-30,6.0,554.21
ORD001452,CUST0019,PRD0026,2023-07-26,,174.95
ORD001453,CUST0034,PRD0039,2023-12-02,11.0,112.92
ORD001454,CUST0078,PRD0028,2024-08-15,1.0,375.61
ORD001455,CUST0125,PRD0058,2024-12-30,,45.4
ORD001456,CUST0196,PRD0005,2024-05-28,14.0,160.38
ORD001457,CUST0240,PRD0008,2023-06-27,10.0,68.43
ORD001458,CUST0117,PRD0025,2024-01-31,11.0,143.9
ORD001459,CUST0052,PRD0027,2024-01-06,12.0,370.3
ORD001460,CUST0238,PRD0046,2024-10-19,6.0,400.12
ORD001461,CUST0027,PRD0023,2023-11-14,9.0,201.54
ORD001462,CUST0157,PRD0030,2024-01-04,7.0,67.45
ORD001463,CUST0239,PRD0045,2024-01-19,13.0,554.21
ORD001464,CUST0156,PRD0047,2023-03-03,7.0,491.72
ORD001465,CUST0035,PRD0023,2024-05-19,2.0,201.54
ORD001466,CUST0136,PRD0049,2023-08-27,12.0,267.83
ORD001467,CUST0144,PRD0047,2023-07-14,11.0,491.72
ORD001468,CUST0106,PRD0020,2024-11-08,9.0,532.93
ORD001469,CUST0164,PRD0018,2023-08-10,10.0,141.2
ORD001470,CUST0158,PRD0018,2023-03-02,9.0,141.2
ORD001471,CUST0146,PRD0002,2023-05-09,6.0,136.86
ORD001472,CUST0002,PRD0004,2024-11-15,13.0,110.29
ORD001473,CUST0177,PRD0030,2023-06-05,3.0,67.45
ORD001474,CUST0077,PRD0033,2024-01-13,1.0,406.65
ORD001475,CUST0132,PRD0036,2024-09-13,,291.11
ORD001476,CUST0090,PRD0018,2024-08-08,14.0,141.2
ORD001477,CUST0089,PRD0037,2024-03-12,14.0,38.5
ORD001478,CUST0094,PRD0019,2023-07-26,3.0,458.22
ORD001479,CUST0203,PRD0047,2024-01-23,14.0,491.72
ORD001480,CUST0007,PRD0028,2024-04-24,12.0,
ORD001481,CUST0095,PRD0040,2023-12-06,1.0,37.04
ORD001482,CUST0108,PRD0020,2023-12-06,3.0,532.93
ORD001483,CUST0074,PRD0049,2023-07-23,14.0,267.83
ORD001484,CUST0039,PRD0033,2023-06-10,14.0,406.65
ORD001485,CUST0141,PRD0012,2024-06-23,4.0,78.44
ORD001486,CUST0159,PRD0058,2024-01-27,13.0,45.4
ORD001487,CUST0071,PRD0051,2024-11-07,13.0,502.39
ORD001488,CUST0191,PRD0015,2024-07-28,14.0,547.01
ORD001489,CUST0056,PRD0041,2024-06-17,8.0,700.93
ORD001490,CUST0241,PRD0039,2023-03-11,9.0,112.92
ORD001491,CUST0170,PRD0002,2024-02-09,3.0,136.86
ORD001492,CUST0189,PRD0029,2024-08-30,6.0,154.64
ORD001493,CUST0042,PRD0041,2024-11-05,10.0,700.93
ORD001494,CUST0184,PRD0010,2024-08-13,11.0,260.5
ORD001495,CUST0036,PRD0002,2024-05-31,5.0,136.86
ORD001496,CUST0084,PRD0051,2023-04-30,6.0,502.39
ORD001497,CUST0196,PRD0011,2024-11-20,187.0,816.42
ORD001498,CUST0118,PRD0013,2024-11-18,10.0,326.99
ORD001499,CUST0007,PRD0010,2023-08-05,6.0,260.5
ORD001500,CUST0054,PRD0014,2023-02-25,7.0,635.89
ORD000001,CUST0074,PRD0001,2023-07-29,14.0,133.49
ORD000002,CUST0104,PRD0044,2024-07-16,11.0,162.81
ORD000003,CUST0038,PRD0056,2023-04-28,8.0,711.44
ORD000004,CUST0134,PRD0045,2024-12-13,,554.21
ORD000005,CUST0200,PRD0042,2024-01-12,13.0,259.69
ORD000006,CUST0023,PRD0047,2024-07-04,7.0,491.72
ORD000007,CUST0047,PRD0059,2024-06-23,8.0,460.22
ORD000008,CUST0090,PRD0013,2023-03-25,13.0,326.99
ORD000009,CUST0046,PRD0055,2024-03-29,6.0,540.73
ORD000010,CUST0107,PRD0022,2024-10-28,2.0,365.55
